Assessment_Sequence_ID,Assessment_Squence_Label,Course_ID,Institution_ID,Institution_name,Term,Year,Instructor,Course_name,PCA,IMCA,GCA,CINS,GCIICS,CCI,FMCE,BEMA,FCI,CSEM,LSCI,Bio,Chem,Math,Physics,Astronomy,Students_enrolled,#_of_pretests_completed,#_of_agrees_to_participate_(pretest),#_of_declines_to_participate_(pretest),#_of_posttests_completed,#_of_agrees_to-participate_(posttest),#_of_declines_to_participate_(posttest),#_of_non-responses-to_participate_(pretest),#_of_non-responses_to_participate_(posttest),Percent_students_interacting_with_LAs/week,#_of_Las,student_to_LA_ratio,Small_group_in_lecture<50%_time,Small_group_in_lecture>50%_time,Labs,Mandatory_recitations,Optional_recitations,min/week_faculty_meet_with_LAs,#_of_times_w/LAs,#_of_times_w/o_LAs,Used_LAs_in_other_courses,Lec_no_clickers,Lect_clickers,Lec_small_groups,Homework,Collab_learning_during_class,help_room,Laboratory,Webbased_resources,Mand_recitations,Optl_recitations,LASSO_collection,Community_college,Public
10,UP1 Chabot Section 6,10,41,Rochester Institute of Technology,Fall,2015,"Chabot, Michelle",University Physics 1,0,0,0,0,0,0,1,0,0,0,0,0,0,0,1,0,42,35,37,1,4,10,0,3,34,100%,1,0.023809524,0,0,1,0,0,60,1,1,0,0,1,1,1,1,1,1,0,0,0,online,0,0
11,UP1 Chabot Section 8,11,41,Rochester Institute of Technology,Fall,2015,"Chabot, Michelle",University Physics 1,0,0,0,0,0,0,1,0,0,0,0,0,0,0,1,0,42,32,33,0,5,8,0,2,29,20%,0,0,0,0,0,0,0,0,1,1,0,0,1,1,1,1,1,1,1,0,0,online,0,0
16,Test Pre,16,213,Rowan University,Fall,2015,"Smith, Trevor",Do not use these data,0,0,0,0,0,0,1,0,0,0,0,0,0,0,1,0,1,1,1,0,0,0,0,0,1,,0,0,0,0,0,0,0,0,0,0,0,1,0,0,0,0,0,0,0,0,0,online,0,1
17,F15_01,17,59,University of Missouri-Columbia,Fall,2015,"King, Karen",University Physics I,0,0,0,0,0,0,1,0,0,0,0,0,0,0,1,0,300,222,245,1,160,173,1,50,112,20%,5,0.016666667,0,0,0,1,0,60,1,0,1,0,1,1,1,1,1,1,0,1,0,online,0,0
18,F15_02,18,59,University of Missouri-Columbia,Fall,2015,"King, Karen",University Physics I,0,0,0,0,0,0,1,0,0,0,0,0,0,0,1,0,97,79,84,0,53,54,0,12,38,20%,5,0.051546392,0,0,0,1,0,0,1,0,1,0,1,1,1,1,1,1,0,1,0,online,0,0
30,F15 Pre-concept inventory,30,41,Rochester Institute of Technology,Fall,2015,"McLean, Howard",General and Analytical Chemistry I,0,0,0,0,0,1,0,0,0,0,0,0,1,0,0,0,137,61,63,0,0,0,0,2,63,,0,0,0,0,0,0,0,0,0,6+,0,1,0,0,1,1,0,1,1,1,0,online,0,0
31,CHMG 141 2015,31,41,Rochester Institute of Technology,Fall,2015,"Bailey, Alla",Gen & Analytical Chem I,0,0,0,0,0,1,0,0,0,0,0,0,1,0,0,0,182,113,122,1,27,38,3,15,101,,0,0,0,0,0,0,0,0,0,6+,0,0,1,1,1,0,1,0,1,1,0,online,0,0
33,Fall 2015 Pre-test,33,41,Rochester Institute of Technology,Fall,2015,"Tsukernik, Olga",Precalculus,1,0,0,0,0,0,0,0,0,0,0,0,0,1,0,0,37,23,28,1,0,0,0,6,29,60%,1,0.027027027,1,0,0,0,0,60,0,6+,0,1,0,1,1,1,1,0,0,0,1,online,0,0
34,F15 222-9 Pre,34,213,Rowan University,Fall,2015,"Zeits, Holly",Introductory E&M,0,0,0,0,0,0,0,0,0,1,0,0,0,0,1,0,24,23,23,0,10,10,0,0,13,30%,1,0.041666667,1,0,0,0,0,30,0,0,0,0,0,1,1,0,0,1,1,0,0,online,0,1
35,F15 222-10 Pre,35,213,Rowan University,Fall,2015,"Zeits, Holly",Introductory E&M,0,0,0,0,0,0,0,0,0,1,0,0,0,0,1,0,26,23,23,0,9,13,0,1,15,30%,1,0.038461538,1,0,0,0,0,30,0,0,0,0,0,1,1,0,0,1,1,0,0,online,0,1
36,F15 222-1 Pre,36,213,Rowan University,Fall,2015,"Nucci, Nathaniel",Introductory E&M,0,0,0,0,0,0,0,0,0,1,0,0,0,0,1,0,25,17,18,0,4,10,0,3,16,,0,0,0,0,0,0,0,0,1,2,0,0,1,1,1,1,1,1,1,0,0,online,0,1
37,F15 222-2 Pre,37,213,Rowan University,Fall,2015,"Nucci, Nathaniel",Introductory E&M,0,0,0,0,0,0,0,0,0,1,0,0,0,0,1,0,25,13,16,0,4,9,0,5,14,,0,0,0,0,0,0,0,0,1,2,0,0,1,1,1,1,1,1,1,0,0,online,0,1
41,F15 222-3 Pre,41,213,Rowan University,Fall,2015,"La Porta, Philip",Introductory E&M,0,0,0,0,0,0,0,0,0,1,0,0,0,0,1,0,24,17,19,0,22,22,0,6,1,40%,1,0.041666667,0,1,0,0,0,30,1,0,1,1,1,1,1,0,1,1,1,0,0,online,0,1
42,F15 222-4 Pre,42,213,Rowan University,Fall,2015,"La Porta, Philip",Introductory E&M,0,0,0,0,0,0,0,0,0,1,0,0,0,0,1,0,27,13,19,0,22,22,0,10,1,40%,1,0.037037037,0,1,0,0,0,30,1,0,1,1,1,1,1,0,1,1,1,0,0,online,0,1
43,F15 222-5 Pre,43,213,Rowan University,Fall,2015,"La Porta, Philip",Introductory E&M,0,0,0,0,0,0,0,0,0,1,0,0,0,0,1,0,25,15,23,0,19,21,0,10,6,40%,1,0.04,0,1,0,0,0,30,1,0,1,1,1,1,1,0,1,1,1,0,0,online,0,1
44,F15 222-6 Pre,44,213,Rowan University,Fall,2015,"La Porta, Philip",Introductory E&M,0,0,0,0,0,0,0,0,0,1,0,0,0,0,1,0,27,12,18,0,22,23,0,12,2,40%,1,0.037037037,0,1,0,0,0,30,1,0,1,1,1,1,1,0,1,1,1,0,0,online,0,1
45,F15 222-7 Pre,45,213,Rowan University,Fall,2015,"La Porta, Philip",Introductory E&M,0,0,0,0,0,0,0,0,0,1,0,0,0,0,1,0,27,12,19,0,18,21,0,12,6,40%,1,0.037037037,0,1,0,0,0,30,1,0,1,1,1,1,1,0,1,1,1,0,0,online,0,1
46,F15 222-8 Pre,46,213,Rowan University,Fall,2015,"La Porta, Philip",Introductory E&M,0,0,0,0,0,0,0,0,0,1,0,0,0,0,1,0,25,11,14,0,23,24,0,13,1,40%,1,0.04,0,1,0,0,0,30,1,0,1,1,1,1,1,0,1,1,1,0,0,online,0,1
48,F15 211-1 Pre,48,213,Rowan University,Fall,2015,"Kratzer, Rachael",Physics II,0,0,0,0,0,0,0,0,0,1,0,0,0,0,1,0,23,23,23,0,19,20,0,0,4,70%,1,0.043478261,1,0,0,0,0,15,0,0,1,1,1,1,1,1,0,1,0,0,0,online,0,1
49,F15 211-2 Pre,49,213,Rowan University,Fall,2015,"Kratzer, Rachael",Physics II,0,0,0,0,0,0,0,0,0,1,0,0,0,0,1,0,24,22,22,0,18,19,0,1,5,70%,1,0.041666667,1,0,0,0,0,15,0,0,1,1,1,1,1,1,0,1,0,0,0,online,0,1
53,F15 222-11 Pre,53,213,Rowan University,Fall,2015,"Lofland, Samuel",Introductory E&M,0,0,0,0,0,0,0,0,0,1,0,0,0,0,1,0,23,9,13,0,17,20,0,12,4,,0,0,0,0,0,0,0,0,0,6+,0,1,0,1,1,1,1,1,1,0,0,online,0,1
54,F15 222-12 Pre,54,213,Rowan University,Fall,2015,"Lofland, Samuel",Introductory E&M,0,0,0,0,0,0,0,0,0,1,0,0,0,0,1,0,10,5,6,0,7,7,0,2,0,,0,0,0,0,0,0,0,0,0,6+,1,1,0,1,1,1,1,1,1,0,0,online,0,1
57,F15 220-7 Pre,57,213,Rowan University,Fall,2015,"Brasoveanu, Theodore",Introductory Mechanics,0,0,0,0,0,0,0,0,1,0,0,0,0,0,1,0,25,11,12,0,11,14,0,7,7,70%,1,0.04,1,0,0,0,0,40,1,2,0,0,1,1,1,1,1,1,1,0,1,online,0,1
58,F15 220-8 Pre,58,213,Rowan University,Fall,2015,"Brasoveanu, Theodore",Introductory Mechanics,0,0,0,0,0,0,0,0,1,0,0,0,0,0,1,0,27,12,16,0,17,19,0,10,5,70%,1,0.037037037,1,0,0,0,0,40,1,2,0,0,1,1,1,1,1,1,1,0,1,online,0,1
59,F15 220-9 Pre,59,213,Rowan University,Fall,2015,"Brasoveanu, Theodore",Introductory Mechanics,0,0,0,0,0,0,0,0,1,0,0,0,0,0,1,0,26,8,12,0,11,14,0,10,7,70%,1,0.038461538,1,0,0,0,0,40,1,2,0,0,1,1,1,1,1,1,1,0,1,online,0,1
60,F15 220-10 Pre,60,213,Rowan University,Fall,2015,"Brasoveanu, Theodore",Introductory Mechanics,0,0,0,0,0,0,0,0,1,0,0,0,0,0,1,0,26,15,17,0,13,14,0,5,7,70%,1,0.038461538,1,0,0,0,0,40,1,2,0,0,1,1,1,1,1,1,1,0,1,online,0,1
61,F15 220-1 Pre,61,213,Rowan University,Fall,2015,"Flores, Eduardo",Introductory Mechanics,0,0,0,0,0,0,0,0,1,0,0,0,0,0,1,0,22,7,11,0,9,12,0,9,7,,0,0,0,0,0,0,0,0,1,6+,0,0,0,1,1,1,0,1,1,0,0,online,0,1
67,F15 220-3 Pre,67,213,Rowan University,Fall,2015,"Hu, Xiao",Introductory Mechanics,0,0,0,0,0,0,0,0,1,0,0,0,0,0,1,0,25,8,11,0,3,4,0,5,10,20%,1,0.04,1,0,0,0,0,30,1,6+,0,1,0,1,1,1,0,0,1,0,0,online,0,1
68,F15 220-4 Pre,68,213,Rowan University,Fall,2015,"Hu, Xiao",Introductory Mechanics,0,0,0,0,0,0,0,0,1,0,0,0,0,0,1,0,25,8,11,0,0,5,0,4,12,20%,1,0.04,1,0,0,0,0,30,1,6+,0,1,0,1,1,1,0,0,1,0,0,online,0,1
69,F15 220-5 Pre,69,213,Rowan University,Fall,2015,"Hu, Xiao",Introductory Mechanics,0,0,0,0,0,0,0,0,1,0,0,0,0,0,1,0,27,8,11,1,4,7,0,6,10,20%,1,0.037037037,1,0,0,0,0,30,1,6+,0,1,0,1,1,1,0,0,1,0,0,online,0,1
482,test,317,19,University of Colorado Boulder,Fall,2016,"Her Many Horses, Ian",Ian's PET Demo Course,0,0,1,0,0,0,0,0,0,0,0,1,0,0,0,0,4,2,2,0,0,1,0,0,2,,0,0,0,0,0,0,0,0,0,0,0,1,0,0,0,0,0,0,0,0,0,online,0,1
540,Pre,409,,,Fall,2016,"Bergeler, Elmar",General Physics I,0,0,0,0,0,0,0,0,0,0,0,0,0,0,0,0,32,17,17,0,0,0,0,0,17,,0,0,0,0,0,0,0,0,0,4,0,0,1,1,1,0,0,0,1,0,0,online,,
177,TEST LABEL,177,19,University of Colorado Boulder,Fall,2015,"Her Many Horses, Ian",TEST COURSE,0,0,0,0,0,0,0,0,0,0,1,0,0,0,0,1,2,2,2,0,1,1,1,0,1,,0,0,0,0,0,0,0,0,0,0,0,1,0,0,0,0,0,0,0,0,0,online,0,1
206,S16 Pre,193,92,Chicago State University,Spring,2016,"Sabella, Mel",Physics 2 calc,0,0,0,0,0,0,0,0,0,0,1,0,0,0,0,1,10,0,0,0,0,0,0,0,0,100%,1,0.1,1,0,0,0,0,60,0,0,1,0,1,1,1,1,1,1,1,0,0,online,0,1
241,CSEM-Pre Sp2016,213,122,City Colleges of Chicago - Harold Washington College,Spring,2016,"Millan, Jaime",Engineering Physics II,0,0,0,0,0,0,0,0,0,1,0,0,0,0,1,0,33,0,0,0,0,0,0,0,0,,0,0,0,0,0,0,0,0,0,2,1,1,0,1,1,1,0,1,0,0,0,online,1,1
268,S16,233,213,Rowan University,Spring,2016,"Zeits, Holly",Introductory Mechanics,0,0,0,0,0,0,0,0,1,0,0,0,0,0,1,0,100,78,85,0,79,82,3,17,16,50%,1,0.01,0,1,0,0,0,20,0,3,1,1,0,1,1,1,0,1,0,0,0,online,0,1
293,Sp16 Pre,259,156,Texas State University,Spring,2016,"Close, Eleanor",Physics Cognition and Pedagogy,0,0,0,0,0,0,0,0,0,0,0,0,0,0,0,0,0,0,0,0,0,0,0,0,0,,0,N/A,0,0,0,0,0,0,0,6+,1,0,0,1,1,1,0,0,0,0,0,online,0,1
147,P2110.F15.01.POST,147,92,Chicago State University,Fall,2015,"Sabella, Mel",Physics 1 calc,0,0,0,0,0,0,0,0,1,0,0,0,0,0,1,0,16,8,11,0,5,9,0,5,8,50%,1,0.0625,0,0,1,0,0,1,1,0,0,0,1,1,1,1,0,1,1,0,0,online,0,1
578,F16 Pre,440,156,Texas State University,Fall,2016,"Lunk, Brandon",University Physics II,0,0,0,0,0,0,0,0,0,1,0,0,0,0,1,0,22,3,4,0,0,0,0,1,4,90%,4,0.181818182,0,1,0,0,0,120,2,2,1,0,1,1,1,1,1,1,1,0,0,online,0,1
340,1600chalkAtt,288,183,Auburn University,Spring,2016,"Kolarkar, Ameya",Engineering Physics 1,0,0,0,0,0,0,0,0,0,0,1,0,0,0,0,1,0,0,0,0,0,0,0,0,0,,0,N/A,0,0,0,0,0,0,0,0,0,1,0,0,1,0,0,1,0,1,0,online,0,0
375,bio,307,63,"University of Nevada, Reno",Summer,2016,"Sandstrom, Pamela",Intro to Cell and Molecular Biology,0,1,0,0,0,0,0,0,0,0,0,1,0,0,0,0,33,32,32,0,28,28,0,1,5,,0,0,0,0,0,0,0,0,2,6+,1,0,1,1,1,1,0,0,1,1,0,online,0,0
515,pre-test,393,7,Boston University,Fall,2016,"Lascaris, Erik",Elementary Physics II,0,0,0,0,0,0,0,0,0,1,0,0,0,0,1,0,82,0,0,0,0,0,0,0,0,10%,1,0.012195122,0,0,1,0,0,20,0,0,0,0,1,0,1,0,1,1,1,0,0,online,0,0
547,F16,418,213,Rowan University,Fall,2016,"Berg, Dominik",Physics II,0,0,0,0,0,0,0,0,0,1,0,0,0,0,1,0,49,9,13,0,0,0,0,4,13,60%,1,0.020408163,0,1,0,0,0,45,1,0,0,0,1,1,1,1,0,1,1,0,0,online,0,1
185,F15 211-1b Post,48,213,Rowan University,Fall,2015,"Kratzer, Rachael",Physics II,0,0,0,0,0,0,0,0,0,1,0,0,0,0,1,0,1,0,0,0,1,1,0,1,0,70%,1,1,1,0,0,0,0,15,0,0,1,1,1,1,1,1,0,1,0,0,0,online,0,1
302,S16-Pre,268,156,Texas State University,Spring,2016,"Gregory, Amanda",Introductory Mechanics,0,0,0,0,0,0,0,0,0,0,0,0,0,0,0,0,24,16,16,0,0,0,0,0,16,100%,4,0.166666667,0,1,0,0,0,120,1,0,0,1,1,1,1,1,1,1,1,0,0,online,0,1
154,PHYS 181 - Fall 2015 - White,154,91,Central Washington University,Fall,2015,"White, Benjamin",General Physics I,0,0,0,0,0,0,0,0,1,0,0,0,0,0,1,0,42,37,39,0,17,18,0,3,23,80%,2,0.047619048,1,0,0,0,0,40,0,0,0,1,0,1,1,1,0,1,0,0,0,online,0,0
316,S16 pre,275,225,"California State University, Chico",Spring,2016,"Wasinger, Erik",Gen Chem 1,0,0,0,0,0,1,0,0,0,0,0,0,1,0,0,0,168,90,97,0,0,0,0,7,97,50%,6,0.035714286,0,1,0,0,0,120,1,6+,0,1,0,1,1,1,0,0,1,0,0,online,0,1
351,Sp2016 Pre,300,183,Auburn University,Spring,2016,"Mandeltort, Lynn",LA Pedagogy Course,0,0,0,0,0,1,0,0,0,0,0,0,1,0,0,0,11,4,4,0,0,0,0,0,4,,0,0,0,0,0,0,0,0,0,1,1,0,0,1,1,1,0,0,1,0,0,online,0,0
417,2nd CLASS,330,296,High School Teacher,Fall,2016,"Belleau, Michelle",2nd Block Physics,0,0,0,0,0,0,0,0,0,0,0,0,0,0,0,0,22,0,0,0,0,0,0,0,0,,0,0,0,0,0,0,0,0,0,0,0,1,0,0,0,1,0,0,0,1,0,online,0,1
471,F16 Pre,363,92,Chicago State University,Fall,2016,"Sabella, Mel",Physics 1 alg,0,0,0,0,0,0,0,0,0,0,0,0,0,0,0,0,24,13,13,0,0,0,0,0,13,100%,1,0.041666667,1,0,0,0,0,1,0,0,1,0,1,1,1,1,0,1,1,0,0,online,0,1
454,Physics 1 5th period,350,296,High School Teacher,Fall,2016,"Clement, Tracy",7th period IB Physics 1,0,0,0,0,0,0,0,0,0,0,0,0,0,0,0,0,0,0,0,0,0,0,0,0,0,,0,N/A,0,0,0,0,0,0,0,0,0,0,0,1,1,1,1,1,1,0,0,online,0,1
521,4th CLASS,398,296,High School Teacher,Fall,2016,"Su, Erik",Honors Physics Pd 4,0,0,0,0,0,0,0,0,0,0,0,0,0,0,0,0,36,0,0,0,0,0,0,0,0,,0,0,0,0,0,0,0,0,0,0,0,0,0,1,1,1,0,0,0,0,0,online,0,1
555,F16,423,213,Rowan University,Fall,2016,"Hudak, Elliott",Physics of Everyday Life,0,0,0,0,0,0,0,0,1,0,0,0,0,0,1,0,48,0,0,0,0,0,0,0,0,,0,0,0,0,0,0,0,0,0,6+,0,1,0,0,1,0,0,1,1,0,0,online,0,1
190,W16 Pre,187,227,Brigham Young University,Winter,2016,"Davis, Cheryl",Physics,0,0,0,0,0,0,0,0,1,0,0,0,0,0,1,0,278,225,231,0,57,72,0,9,177,,0,0,0,0,0,0,0,0,0,6+,0,0,1,0,1,1,1,0,0,0,0,online,0,0
221,S16,206,7,Boston University,Spring,2016,"Duffy, Andrew",Physics 2,0,0,0,0,0,0,0,0,0,1,0,0,0,0,1,0,83,83,83,0,82,82,0,0,1,100%,2,0.024096386,1,0,0,0,0,60,4,0,1,0,1,1,1,1,1,1,1,1,0,online,0,0
277,S16,244,213,Rowan University,Spring,2016,"Sultana, Nasra",Physic I,0,0,0,0,0,0,0,0,1,0,0,0,0,0,1,0,25,18,23,0,9,12,0,7,16,,0,0,0,0,0,0,0,0,0,4,1,0,1,1,1,1,1,1,1,0,1,online,0,1
317,University Astronomy,276,41,Rochester Institute of Technology,Spring,2016,"Kartaltepe, Jeyhan",University Astronomy,0,0,0,0,0,0,0,0,0,0,1,0,0,0,0,1,39,36,36,0,33,34,0,2,5,70%,1,0.025641026,1,0,0,0,0,60,0,0,0,0,1,1,1,1,0,0,1,0,1,online,0,0
162,F15 Post,162,46,Seattle Pacific University,Fall,2015,"Seeley, Lane",PHY 1121,0,0,0,0,0,0,0,0,1,0,0,0,0,0,1,0,40,32,34,0,27,27,0,4,9,100%,6,0.15,0,1,0,0,0,180,0,0,0,0,0,0,1,1,1,1,1,1,1,online,0,0
323,CLASS,282,156,Texas State University,Spring,2016,"Donnelly, Dave",Mechanics,0,0,0,0,0,0,0,0,0,0,0,0,0,0,0,0,24,11,11,0,15,16,0,6,2,70%,4,0.166666667,0,1,0,0,0,120,3,6+,0,0,0,1,0,1,1,1,0,0,0,online,0,1
359,S16 - Post,265,156,Texas State University,Spring,2016,"Gregory, Amanda",Introductory Mechanics,0,0,0,0,0,0,0,0,1,0,0,0,0,0,1,0,26,0,0,0,21,21,0,21,0,100%,4,0.153846154,0,1,0,0,0,120,1,0,0,1,1,1,1,1,1,1,1,0,0,online,0,1
386,Su16 FCI,313,91,Central Washington University,Summer,2016,"Smith, Anthony",Introductory Physics I,0,0,0,0,0,0,0,0,1,0,0,0,0,0,1,0,26,25,25,0,26,26,0,1,0,,0,0,0,0,0,0,0,0,0,2,1,0,0,0,1,0,0,1,1,0,0,online,0,0
434,7th CLASS,339,296,High School Teacher,Fall,2016,"Szameitat, Peter",7th Period PIB ChemPhys,0,0,0,0,0,0,0,0,0,0,0,0,0,0,0,0,29,25,27,0,0,0,0,2,27,,0,0,0,0,0,0,0,0,0,4,0,0,0,1,1,1,1,1,1,0,0,online,0,1
477,F16 Pre,365,92,Chicago State University,Fall,2016,"Sabella, Mel",Physics 2 calc,0,0,0,0,0,0,0,0,0,0,0,0,0,0,0,0,17,11,12,0,0,0,0,1,12,100%,1,0.058823529,1,0,0,0,0,1,0,2,1,0,1,1,1,1,0,1,1,0,0,online,0,1
532,CSEM pre,404,41,Rochester Institute of Technology,Fall,2016,"Lusignan, Charles",College Physics,0,0,0,0,0,0,0,0,0,1,0,0,0,0,1,0,41,18,19,0,0,0,0,1,19,,0,0,0,0,0,0,0,0,1,1,1,1,0,0,1,1,0,1,1,0,1,online,0,0
562,Class,431,156,Texas State University,Fall,2016,"Baykal-Caglar, Eda",General Physics 1,0,0,0,0,0,0,0,0,0,0,0,0,0,0,0,0,50,9,10,0,0,0,0,1,10,,0,0,0,0,0,0,0,0,0,2,0,1,0,0,1,0,0,0,1,0,0,online,0,1
199,S16-PRE,192,92,Chicago State University,Spring,2016,"Sabella, Mel",Physics 1 calc,0,0,0,0,0,0,0,0,1,0,0,0,0,0,1,0,18,11,13,0,7,8,0,2,6,100%,1,0.055555556,1,0,0,0,0,60,6+,6+,1,0,1,1,1,1,1,1,1,0,0,online,0,1
251,Sp2016 Pre,224,183,Auburn University,Spring,2016,"Mandeltort, Lynn",Fundamentals Chemistry I,0,0,0,0,0,1,0,0,0,0,0,0,1,0,0,0,50,6,11,0,0,0,0,5,11,50%,4,0.08,1,0,0,0,0,45,1,0,0,0,1,0,1,0,0,0,0,1,0,online,0,0
284,S16,251,213,Rowan University,Spring,2016,"Lofland, Samuel",Introductory Mechanics,0,0,0,0,0,0,0,0,1,0,0,0,0,0,1,0,23,22,22,0,22,22,0,1,1,,0,0,0,0,0,0,0,0,1,6+,0,1,0,1,1,1,1,1,1,0,0,online,0,1
139,F15 FMCE POST,139,41,Rochester Institute of Technology,Fall,2015,"Connelly, Jennifer",College Physics I,0,0,0,0,0,0,1,0,0,0,0,0,0,0,1,0,42,30,32,1,22,26,0,4,12,,0,0,0,0,0,0,0,0,0,0,0,1,0,0,1,0,0,1,0,0,1,online,0,0
169,F15 210-1 Post,169,213,Rowan University,Fall,2015,"Dobbins, Tabbetha",Physics I,0,0,0,0,0,0,0,0,1,0,0,0,0,0,1,0,25,13,16,0,1,6,0,3,15,50%,1,0.04,1,0,0,0,0,0,1,6+,0,1,0,1,1,1,0,0,0,0,0,online,0,1
72,F15 Biol 198E,72,4,Benedictine University,Fall,2015,"Wilson, Allison ",Principle of Biology,0,1,0,0,0,0,0,0,0,0,0,1,0,0,0,0,34,31,31,0,27,28,0,0,4,,0,0,0,0,0,0,0,0,0,4,0,1,0,1,1,1,0,0,0,0,0,online,0,0
242,BEMA-Pre Sp2016,213,122,City Colleges of Chicago - Harold Washington College,Spring,2016,"Millan, Jaime",Engineering Physics II,0,0,0,0,0,0,0,1,0,0,0,0,0,0,1,0,33,32,32,0,20,23,0,0,12,,0,0,0,0,0,0,0,0,0,2,1,1,0,1,1,1,0,1,0,0,0,online,1,1
328,S16 Pre,284,156,Texas State University,Spring,2016,"Lunk, Brandon",University Physics 2,0,0,0,0,0,0,0,0,0,1,0,0,0,0,1,0,15,5,9,0,3,4,1,4,6,100%,4,0.266666667,1,0,0,0,0,120,1,2,0,0,1,1,1,1,1,1,1,0,0,online,0,1
574,S16 Pre,438,156,Texas State University,Fall,2016,"Lunk, Brandon",University Physics II,0,0,0,0,0,0,0,0,0,1,0,0,0,0,1,0,18,5,5,0,0,0,0,0,5,90%,3,0.166666667,0,1,0,0,0,120,2,2,1,0,1,1,1,1,1,1,1,0,0,online,0,1
392,Physics CLASS,317,19,University of Colorado Boulder,Fall,2016,"Her Many Horses, Ian",Ian's PET Demo Course,0,0,0,0,0,0,0,0,0,0,0,0,0,0,0,0,3,0,0,0,0,0,0,0,0,,0,0,0,0,0,0,0,0,0,0,0,1,0,0,0,0,0,0,0,0,0,online,0,1
444,AP 2nd Concept Test,347,296,High School Teacher,Fall,2016,"Ventola, Joe",AP Physics,0,0,0,0,0,0,0,0,0,0,1,0,0,0,0,1,20,0,0,0,0,0,0,0,0,,0,0,0,0,0,0,0,0,0,0,0,0,0,1,1,0,0,1,0,0,0,online,0,1
538,Pre,408,,,Fall,2016,"Bergeler, Elmar",General Physics I,0,0,0,0,0,0,0,0,0,0,0,0,0,0,0,0,47,25,25,0,0,0,0,0,25,,0,0,0,0,0,0,0,0,0,4,0,0,1,1,1,0,0,0,1,0,0,online,,
569,F16,435,213,Rowan University,Fall,2016,"Caguiat, Daniel",Introductory Mechanics,0,0,0,0,0,0,0,0,1,0,0,0,0,0,1,0,48,8,13,0,0,0,0,5,13,,0,0,0,0,0,0,0,0,0,0,1,1,0,0,0,0,0,0,0,0,0,online,0,1
203,S16 Pre,194,92,Chicago State University,Spring,2016,"Sabella, Mel",Physics 1 alg,0,0,0,0,0,0,0,0,0,0,0,0,0,0,0,0,20,3,4,0,7,7,0,6,2,100%,1,0.05,1,0,0,0,0,60,0,0,0,0,1,1,1,1,1,1,1,0,0,online,0,1
237,BEMA Pre-Sp2016,215,122,City Colleges of Chicago - Harold Washington College,Spring,2016,"Millan, Jaime","General Physics II Electricity, Light and Modern Physics",0,0,0,0,0,0,0,1,0,0,0,0,0,0,1,0,6,5,5,0,0,0,0,0,5,,0,0,0,0,0,0,0,0,0,2,1,1,0,1,1,1,0,1,1,0,0,online,1,1
183,test,176,19,University of Colorado Boulder,Fall,2015,"Oatley, Mike",Gen Chem 1,0,0,0,0,0,0,0,0,0,0,1,0,0,0,0,1,2,0,0,0,0,0,0,0,0,,0,0,0,0,0,0,0,0,0,0,0,1,0,0,0,0,0,0,0,0,0,online,0,1
406,Physical Science Block 1 CLASS,324,296,High School Teacher,Fall,2016,"Wachowski, Shannon",Physical Science Block 1,0,0,0,0,0,0,0,0,0,0,0,0,0,0,0,0,0,0,0,0,0,0,0,0,0,,0,N/A,0,0,0,0,0,0,0,0,0,0,0,0,0,0,0,1,0,0,0,online,0,1
83,F15 Biol 198D,83,4,Benedictine University,Fall,2015,"Wilson, Allison ",Principles of Biology,0,1,0,0,0,0,0,0,0,0,0,1,0,0,0,0,34,29,30,0,0,0,0,1,30,,0,0,0,0,0,0,0,0,0,6+,0,0,1,1,1,1,0,0,0,0,0,online,0,0
403,Physical Science Block 1 CLASS,324,296,High School Teacher,Fall,2016,"Wachowski, Shannon",Physical Science Block 1,0,0,0,0,0,0,0,0,0,0,0,0,0,0,0,0,27,12,12,0,0,0,0,0,12,,0,0,0,0,0,0,0,0,0,0,0,0,0,0,0,0,0,1,0,0,0,online,0,1
373,SP16 Post LA,212,212,Red Rocks Community College,Spring,2016,"Cudworth, Paige",College Algebra MAT 121,1,0,0,0,0,0,0,0,0,0,0,0,0,1,0,0,0,0,0,0,0,0,0,0,0,90%,1,N/A,0,1,0,0,0,30,1,6+,0,1,0,1,1,1,0,0,0,0,0,online,,
514,pre-test,392,63,"University of Nevada, Reno",Fall,2016,"Pravosudova, Elena",Introduction to Cell and Molecular Biology,0,1,0,0,0,0,0,0,0,0,0,1,0,0,0,0,335,171,187,0,0,0,0,16,187,80%,8,0.023880597,1,0,0,0,0,30,2,6+,0,0,1,1,1,1,1,0,1,1,0,online,0,0
338,hon2,291,183,Auburn University,Spring,2016,"Kolarkar, Ameya",Honors Physics 2,0,0,0,0,0,0,0,1,0,0,0,0,0,0,1,0,39,3,7,0,3,7,0,10,10,50%,1,0.025641026,1,0,0,0,0,50,0,4,0,1,0,0,0,1,1,1,0,1,0,online,0,0
545,F16,417,213,Rowan University,Fall,2016,"Nucci, Nathaniel",Introductory Electricity & Magnetism,0,0,0,0,0,0,0,0,0,1,0,0,0,0,1,0,24,22,23,0,0,0,0,1,23,,0,0,0,0,0,0,0,0,1,4,0,0,1,1,1,1,1,1,1,0,1,online,0,1
299,S16-Pre,265,156,Texas State University,Spring,2016,"Gregory, Amanda",Introductory Mechanics,0,0,0,0,0,0,0,0,0,0,0,0,0,0,0,0,25,20,21,0,0,0,0,1,21,100%,4,0.16,0,1,0,0,0,120,1,0,0,1,1,1,1,1,1,1,1,0,0,online,0,1
214,SP16 Pre,201,228,Agnes Scott College,Spring,2016,"Ackerman, Nicole",Intro Physics II: E&M,0,0,0,0,0,0,0,0,0,1,0,0,0,0,1,0,19,19,19,0,18,19,0,0,1,50%,3,0.157894737,0,0,0,1,0,30,2,0,1,0,1,1,1,1,1,1,1,1,0,online,0,0
298,Sp15 Pre,261,4,Benedictine University,Spring,2016,"Wilson, Allison ",Principles of Biology,0,1,0,0,0,0,0,0,0,0,0,1,0,0,0,0,21,17,17,0,15,16,0,0,2,50%,1,0.047619048,1,0,0,0,0,60,0,3,0,0,1,0,1,1,0,0,0,0,0,online,0,0
181,SP16 Post test,181,157,The Pennsylvania State University,Spring,2016,"Van Der Sluys, Lori",Gen Chem II,0,0,0,0,0,1,0,0,0,0,0,0,1,0,0,0,0,0,0,0,0,0,0,0,0,50%,12,N/A,1,0,0,0,0,60,3,6+,1,0,1,1,1,1,1,0,0,0,1,online,0,0
152,F15 Post,152,91,Central Washington University,Fall,2015,"Smith, Anthony",Introductor Physics I,0,0,0,0,0,0,0,0,1,0,0,0,0,0,1,0,35,32,32,0,28,28,0,1,5,,0,0,0,0,0,0,0,0,0,1,0,0,0,0,1,0,1,1,1,0,0,online,0,0
319,FMCE 1,278,41,Rochester Institute of Technology,Spring,2016,"Chabot, Michelle",UP1,0,0,0,0,0,0,1,0,0,0,0,0,0,0,1,0,43,41,41,0,30,30,0,0,11,90%,1,0.023255814,0,1,0,0,0,60,2,2,0,0,1,1,1,1,0,1,1,0,1,online,0,0
348,S16,298,213,Rowan University,Spring,2016,"Smith, Trevor",LA-E&M,0,0,0,0,0,0,0,0,0,1,0,0,0,0,1,0,6,4,4,0,2,4,0,1,3,,0,0,0,0,0,0,0,0,0,1,1,0,0,0,0,0,0,0,1,0,0,online,0,1
380,Su ,311,63,"University of Nevada, Reno",Summer,2016,"Sandstrom, Pamela",Principles of Genetics,0,0,0,0,0,0,0,0,0,0,1,0,0,0,0,1,0,0,0,0,0,0,0,0,0,,0,N/A,0,0,0,0,0,0,1,6+,1,0,0,0,1,0,0,0,1,1,0,online,0,0
469,FA2016 Pretest,361,41,Rochester Institute of Technology,Fall,2016,"Chabot, Michelle",University Physics I,0,0,0,0,0,0,1,0,0,0,0,0,0,0,1,0,74,69,70,0,0,0,0,1,70,100%,1,0.013513514,0,1,0,0,0,60,3,2,0,0,1,1,1,1,0,1,1,1,0,online,0,0
495,CINS,374,225,"California State University, Chico",Fall,2016,"Edwards, Adrienne ",Evolution,0,0,0,1,0,0,0,0,0,0,0,1,0,0,0,0,27,22,22,0,0,0,0,0,22,,0,0,0,0,0,0,0,0,0,1,0,0,1,1,1,1,0,0,1,0,0,online,0,1
519,F16 Pre,302,122,City Colleges of Chicago - Harold Washington College,Fall,2016,"Escuadro, Anthony",Engineering Physics 2,0,0,0,0,0,0,0,1,0,0,0,0,0,0,1,0,0,0,0,0,0,0,0,0,0,70%,1,N/A,1,0,0,0,0,27,0,4,1,0,1,1,1,1,1,1,1,0,0,online,1,1
553,F16,422,213,Rowan University,Fall,2016,"Dougherty, Lawrence",Physics of Everyday Life,0,0,0,0,0,0,0,0,1,0,0,0,0,0,1,0,25,0,0,0,0,0,0,0,0,,0,0,0,0,0,0,0,0,0,2,0,1,0,1,1,1,0,1,0,0,0,online,0,1
188,TEST LABEL @,177,19,University of Colorado Boulder,Fall,2015,"Her Many Horses, Ian",TEST COURSE,0,0,0,0,0,1,0,0,0,0,0,0,1,0,0,0,2,1,1,0,0,0,0,0,1,,0,0,0,0,0,0,0,0,0,0,0,1,0,0,0,0,0,0,0,0,0,online,0,1
367,Post-Test,239,7,Boston University,Spring,2016,"Mohamedi, Graciela ",Elementary Physics 1,0,0,0,0,0,0,1,0,0,0,0,0,0,0,1,0,0,0,0,0,0,0,0,0,0,100%,2,N/A,0,0,0,1,0,60,1,0,1,1,0,0,1,1,1,1,1,1,0,online,0,0
275,S16,242,213,Rowan University,Spring,2016,"Brasoveanu, Theodore",Introductory Electricity & Magnetism,0,0,0,0,0,0,0,0,0,1,0,0,0,0,1,0,97,57,69,1,83,87,0,33,7,70%,1,0.010309278,1,0,0,0,0,40,0,0,1,0,1,1,1,1,1,1,1,0,1,online,0,1
307,S16-Pre,266,156,Texas State University,Spring,2016,"Gregory, Amanda",Introductory Mechanics,0,0,0,0,0,0,0,0,1,0,0,0,0,0,1,0,21,14,14,0,0,0,0,0,14,100%,4,0.19047619,0,1,0,0,0,120,1,0,0,1,1,1,1,1,1,1,1,0,0,online,0,1
159,Mechanics Survey (post),159,91,Central Washington University,Fall,2015,"Craig, Erin",Introductory Physics for Life Sciences,0,0,0,0,0,0,0,0,1,0,0,0,0,0,1,0,49,43,44,0,38,39,0,2,7,70%,2,0.040816327,0,0,1,0,0,30,0,0,1,0,0,0,0,1,0,1,0,0,0,online,0,0
370,GCA-1,306,271,University of Georgia,Fall,2016,"Armstrong, Norris",Introductory Biology,0,0,1,0,0,0,0,0,0,0,0,1,0,0,0,0,0,0,0,0,0,0,0,0,0,50%,8,N/A,1,0,0,0,0,50,1,6+,0,0,1,0,1,0,0,1,1,0,0,online,0,1
321,E & M Survey,280,156,Texas State University,Spring,2016,"Scolfaro, Luisa",Electricity & Magnetism,0,0,0,0,0,0,0,0,0,1,0,0,0,0,1,0,23,7,9,0,3,7,0,3,7,20%,4,0.173913043,1,0,0,0,0,250,5,6+,0,1,0,0,1,1,0,0,1,0,0,online,0,1
357,FCI Post ,265,156,Texas State University,Spring,2016,"Gregory, Amanda",Introductory Mechanics,0,0,0,0,0,0,0,0,1,0,0,0,0,0,1,0,0,0,0,0,0,0,0,0,0,100%,4,N/A,0,1,0,0,0,120,1,0,0,1,1,1,1,1,1,1,1,0,0,online,0,1
384,test2,140,225,"California State University, Chico",Fall,2015,"Van Dusen, Ben",NSCI,0,0,0,0,0,0,0,0,0,0,1,0,0,0,0,1,0,0,0,0,0,0,0,0,0,,0,N/A,0,0,0,0,0,0,2,1,0,0,0,0,0,0,0,1,0,0,0,online,0,1
430,4th CLASS,337,296,High School Teacher,Fall,2016,"Szameitat, Peter",4th Period PIB ChemPhys,0,0,0,0,0,0,0,0,0,0,0,0,0,0,0,0,28,27,28,0,0,0,0,1,28,,0,0,0,0,0,0,0,0,0,4,0,0,0,1,1,1,1,1,1,0,0,online,0,1
476,F16 Pre,365,92,Chicago State University,Fall,2016,"Sabella, Mel",Physics 2 calc,0,0,0,0,0,0,0,1,0,0,0,0,0,0,1,0,17,13,15,0,0,0,0,2,15,100%,1,0.058823529,1,0,0,0,0,1,0,2,1,0,1,1,1,1,0,1,1,0,0,online,0,1
463,F16 Pre,354,92,Chicago State University,Fall,2016,"Mardis, Kristy",General Chemsitry I,0,0,0,0,0,1,0,0,0,0,0,0,1,0,0,0,0,0,0,0,0,0,0,0,0,100%,1,N/A,0,1,0,0,0,40,1,6+,0,0,0,1,0,1,1,0,0,0,0,online,0,1
503,Teacher Test PET,378,296,High School Teacher,Fall,2016,"Szameitat, Peter",PIB ChemPhys Teacher Test,0,0,0,0,0,0,0,0,0,0,1,0,0,0,0,1,2,0,0,0,0,0,0,0,0,,0,0,0,0,0,0,0,0,0,4,0,1,1,1,1,1,1,1,1,0,1,online,0,1
530,non-CLASS,402,156,Texas State University,Fall,2016,"Rangelov, Blagoy",Mechanics,0,0,0,0,0,0,0,0,1,0,0,0,0,0,1,0,24,6,10,0,0,0,0,4,10,80%,4,0.166666667,0,1,0,0,0,120,0,0,0,1,0,0,1,1,1,1,1,1,0,online,0,1
560,F16,429,213,Rowan University,Fall,2016,"Hornibrook, Shannon",Physics I,0,0,0,0,0,0,0,0,1,0,0,0,0,0,1,0,45,18,18,0,0,0,0,0,18,80%,1,0.022222222,1,0,0,0,0,30,0,0,1,1,1,1,1,1,0,1,1,0,0,online,0,1
197,S16 Pre,192,92,Chicago State University,Spring,2016,"Sabella, Mel",Physics 1 calc,0,0,0,0,0,0,0,0,0,0,0,0,0,0,0,0,18,12,13,0,8,8,0,3,7,100%,1,0.055555556,1,0,0,0,0,60,6+,6+,1,0,1,1,1,1,1,1,1,0,0,online,0,1
571,test CLASS,437,296,High School Teacher,Fall,2016,"Su, Erik",test,0,0,0,0,0,0,0,0,0,0,0,0,0,0,0,0,1,0,0,0,0,0,0,0,0,,0,0,0,0,0,0,0,0,0,0,0,0,0,1,1,1,0,0,0,0,0,online,0,1
226,Spr16 Attitude - Student,204,7,Boston University,Spring,2016,"Jariwala, Manher",General Physics 2,0,0,0,0,0,0,0,0,0,0,0,0,0,0,0,0,148,135,137,1,124,125,2,5,16,90%,3,0.02027027,0,0,0,1,0,90,3,3,1,0,1,1,1,1,1,1,1,1,0,online,0,0
247,Sp2016 Pre,222,183,Auburn University,Spring,2016,"Mandeltort, Lynn",Fundamentals Chemistry I,0,0,0,0,0,1,0,0,0,0,0,0,1,0,0,0,212,14,24,0,0,0,0,10,24,,0,0,0,0,0,0,0,0,1,6+,0,1,0,0,1,0,0,0,0,0,0,online,0,0
282,S16,249,213,Rowan University,Spring,2016,"Hu, Xiao",Introductory Mechanics,0,0,0,0,0,0,0,0,1,0,0,0,0,0,1,0,22,7,10,0,3,8,0,5,9,,0,0,0,0,0,0,0,0,2,4,0,0,0,1,1,1,0,0,0,0,0,online,0,1
312,W1pre,270,41,Rochester Institute of Technology,Spring,2016,"McGowan, Aaron",University Physics II,0,0,0,0,0,0,0,1,0,0,0,0,0,0,1,0,41,40,40,0,39,40,0,1,2,80%,1,0.024390244,1,0,0,0,0,90,4,2,1,0,1,1,1,1,0,1,1,0,1,online,0,0
137,F15 post,137,7,Boston University,Fall,2015,"Spilios, Kathryn",Biology 1,0,0,0,1,0,0,0,0,0,0,0,1,0,0,0,0,518,472,479,1,357,380,6,20,135,100%,14,0.027027027,0,0,1,0,0,60,4,2,1,0,1,0,0,0,0,1,1,0,0,online,0,0
167,F15 150-3 Post,167,213,Rowan University,Fall,2015,"Goran, Andre",Physics of Everyday Life,0,0,0,0,0,0,0,0,1,0,0,0,0,0,1,0,25,12,12,0,4,6,0,1,9,,0,0,0,0,0,0,0,0,0,1,1,1,0,0,1,1,0,1,1,0,0,online,0,1
333,FMCE-141,285,225,"California State University, Chico",Spring,2016,"Lin, Yuhfen",Concepts in Physical Science,0,0,0,0,0,0,1,0,0,0,0,0,0,0,1,0,60,51,52,0,37,42,0,7,21,,0,0,0,0,0,0,0,0,0,0,1,0,1,1,1,1,0,1,0,0,0,online,0,1
245,Sp2016 Pre,211,183,Auburn University,Spring,2016,"Mandeltort, Lynn",Fundamentals Chemistry I,0,0,0,0,0,1,0,0,0,0,0,0,1,0,0,0,0,0,0,0,0,0,0,0,0,50%,4,N/A,0,1,0,0,0,45,3,0,1,1,1,1,1,0,0,0,1,1,0,online,0,0
390,quick test,177,19,University of Colorado Boulder,Fall,2015,"Her Many Horses, Ian",TEST COURSE,0,0,0,0,0,0,0,0,0,0,1,0,0,0,0,1,0,0,0,0,0,0,0,0,0,,0,N/A,0,0,0,0,0,0,0,0,0,1,0,0,0,0,0,0,0,0,0,online,0,1
440,PHY 322-1 FMCE Test,343,303,Central Michigan University,Fall,2016,"Redshaw, Matthew",Intermediate Mechanics,0,0,0,0,0,0,1,0,0,0,0,0,0,0,1,0,1,0,0,0,0,0,0,0,0,,0,0,0,0,0,0,0,0,0,0,0,1,0,0,0,0,0,0,0,0,0,online,0,1
480,F16 Pre,367,240,University of California Los Angeles,Fall,2016,"Shaked, Shanna",Precalculus,1,0,0,0,0,0,0,0,0,0,0,0,0,1,0,0,0,0,0,0,0,0,0,0,0,,0,N/A,0,0,0,0,0,0,0,6+,0,0,0,1,1,0,1,0,0,1,0,online,0,1
536,Pre,407,,,Fall,2016,"Bergeler, Elmar",General Physics I,0,0,0,0,0,0,0,0,0,0,0,0,0,0,0,0,50,25,27,0,0,0,0,2,27,,0,0,0,0,0,0,0,0,0,4,0,0,1,1,1,0,0,0,1,0,0,online,,
567,Class PHYS1430,433,156,Texas State University,Fall,2016,"Geerts, Wilhelmus",Mechanics,0,0,0,0,0,0,0,0,0,0,0,0,0,0,0,0,26,5,5,0,0,0,0,0,5,100%,4,0.153846154,1,0,0,0,0,2,0,1,0,1,1,1,1,1,1,1,1,0,0,online,0,1
586,CLASS Early Year,426,296,High School Teacher,Fall,2016,"Becker, Kimberly ",IB Physics 1,0,0,0,0,0,0,0,0,0,0,0,0,0,0,0,0,29,29,29,0,0,0,0,0,29,,0,0,0,0,0,0,0,0,0,6+,0,0,0,1,1,1,0,1,1,0,0,online,0,1
235,Spring2016 Pre,220,212,Red Rocks Community College,Spring,2016,"Forland, Brenda",College Algebra,1,0,0,0,0,0,0,0,0,0,0,0,0,1,0,0,30,0,0,0,0,0,0,0,0,,0,0,0,0,0,0,0,0,0,5,0,1,0,0,1,0,0,0,1,0,0,online,,
289,Learning attitudes survey -pre,257,156,Texas State University,Spring,2016,"Bergeler, Elmar",General Physics 1,0,0,0,0,0,0,0,0,0,0,0,0,0,0,0,0,54,25,26,0,12,12,0,3,16,,0,0,0,0,0,0,0,0,0,3,0,0,1,1,1,0,0,1,1,0,0,online,0,1
144,P1510.F15.01.POST,144,92,Chicago State University,Fall,2015,"Sabella, Mel",Physics 1 alg,0,0,0,0,0,0,0,0,1,0,0,0,0,0,1,0,25,14,16,0,4,9,0,4,14,20%,1,0.04,0,0,0,1,0,0,0,6+,0,1,0,0,1,0,0,1,1,0,0,online,0,1
174,F15 220-11 Post,174,213,Rowan University,Fall,2015,"Sultana, Nasra",Introductory Mechanics,0,0,0,0,0,0,0,0,1,0,0,0,0,0,1,0,25,14,16,1,5,7,0,4,13,50%,1,0.04,1,0,0,0,0,30,0,4,0,0,1,1,1,1,1,1,1,0,1,online,0,1
349,112_CSEM_pre,299,41,Rochester Institute of Technology,Spring,2016,"Lusignan, Charles",College Physics 2,0,0,0,0,0,0,0,0,0,1,0,0,0,0,1,0,119,0,0,0,0,0,0,0,0,100%,2,0.016806723,0,1,0,0,0,2,0,0,1,1,0,0,1,1,1,1,1,0,1,online,0,0
415,Background Assessment,329,246,Metropolitan State University of Denver,Fall,2016,"Loats, Jeff",General Physics II,0,0,0,0,0,0,0,0,0,1,0,0,0,0,1,0,48,38,40,0,0,0,0,2,40,30%,2,0.041666667,1,0,0,0,0,90,0,3,0,0,1,0,1,1,1,0,1,0,0,online,0,1
371,MCBA-1,306,271,University of Georgia,Fall,2016,"Armstrong, Norris",Introductory Biology,0,1,0,0,0,0,0,0,0,0,0,1,0,0,0,0,0,0,0,0,0,0,0,0,0,50%,8,N/A,1,0,0,0,0,50,1,6+,0,0,1,0,1,0,0,1,1,0,0,online,0,1
485,CLASS,368,296,High School Teacher,Fall,2016,"Gale, Gregory",Physics Block 4,0,0,0,0,0,0,0,0,0,0,0,0,0,0,0,0,24,16,16,1,0,0,0,1,17,,0,0,0,0,0,0,0,0,0,0,0,0,0,0,0,1,0,0,0,0,0,online,0,1
543,F16,414,213,Rowan University,Fall,2016,"Smith, Trevor",Introductory Mechanics,0,0,0,0,0,0,0,0,1,0,0,0,0,0,1,0,24,23,23,0,0,0,0,0,23,,0,0,0,0,0,0,0,0,1,1,0,1,0,1,1,1,0,1,1,0,0,online,0,1
180,BEMA,180,225,"California State University, Chico",Fall,2015,"Van Dusen, Ben",Test,0,0,0,0,0,0,0,1,0,0,0,0,0,0,1,0,0,0,0,0,0,0,0,0,0,,0,N/A,0,0,0,0,0,0,5,1,1,1,0,0,0,0,0,1,0,0,0,online,0,1
575,S16 Pre,439,156,Texas State University,Fall,2016,"Lunk, Brandon",University Physics II,0,0,0,0,0,0,0,0,0,1,0,0,0,0,1,0,0,0,0,0,0,0,0,0,0,90%,3,N/A,0,1,0,0,0,120,2,2,1,0,1,1,1,1,1,1,1,0,0,online,0,1
209,Sp2016 Pre,199,183,Auburn University,Spring,2016,"Mandeltort, Lynn",Fundamentals Chemistry I,0,0,0,0,0,1,0,0,0,0,0,0,1,0,0,0,50,21,22,0,0,0,0,1,22,50%,4,0.08,1,0,0,0,0,45,0,2,1,1,1,0,1,0,0,0,0,1,0,online,0,0
587,PET Pre,426,296,High School Teacher,Fall,2016,"Becker, Kimberly ",IB Physics 1,0,0,0,0,0,0,0,0,0,0,1,0,0,0,0,1,29,29,29,0,0,0,0,0,29,,0,0,0,0,0,0,0,0,0,6+,0,0,0,1,1,1,0,1,1,0,0,online,0,1
296,Learning attitudes survey -pre,260,156,Texas State University,Spring,2016,"Bergeler, Elmar",General Physics 1,0,0,0,0,0,0,0,0,0,0,0,0,0,0,0,0,53,37,38,0,13,14,0,2,26,,0,0,0,0,0,0,0,0,0,3,0,0,1,1,1,0,0,1,1,0,0,online,0,1
129,1101 Fall pretest,129,46,Seattle Pacific University,Fall,2015,"Lautenschlager, Matt",General Physics I,0,0,0,0,0,0,0,0,1,0,0,0,0,0,1,0,74,51,53,0,43,45,0,4,12,90%,2,0.027027027,0,1,0,0,0,120,5,0,1,0,0,1,1,1,1,0,0,0,0,online,0,0
150,F15 220-2 Post,150,213,Rowan University,Fall,2015,"Smith, Trevor",Introductory Mechanics,0,0,0,0,0,0,0,0,1,0,0,0,0,0,1,0,20,14,14,0,10,11,0,2,6,,0,0,0,0,0,0,0,0,1,0,0,1,0,1,1,1,1,1,1,0,0,online,0,1
261,Sp2016 Pre,230,183,Auburn University,Spring,2016,"Mandeltort, Lynn",Fundamentals Chemistry II,0,0,0,0,0,1,0,0,0,0,0,0,1,0,0,0,161,10,15,0,0,0,0,5,15,,0,0,0,0,0,0,0,0,0,6+,0,1,0,0,0,0,0,0,0,0,0,online,0,0
346,Sample Pre,296,212,Red Rocks Community College,Spring,2016,"Cudworth, Paige",Sample,1,0,0,0,0,0,0,0,0,0,0,0,0,1,0,0,3,2,2,0,0,0,0,0,2,,0,0,0,0,0,0,0,0,0,0,0,1,0,0,0,0,0,0,0,0,0,online,,
378,Su16 Pre-Assessment,310,63,"University of Nevada, Reno",Summer,2016,"Klingler, Kelly",Introduction to Cellular and Molecular Biology,0,1,0,0,0,0,0,0,0,0,0,1,0,0,0,0,50,33,33,0,16,27,0,4,21,,0,0,0,0,0,0,0,0,0,0,0,0,0,0,1,1,0,0,1,0,0,online,0,0
410,Block 3 CLASS,327,296,High School Teacher,Fall,2016,"Schrode, Nicole",Physics,0,0,0,0,0,0,0,0,0,0,0,0,0,0,0,0,33,28,28,0,0,0,0,0,28,,0,0,0,0,0,0,0,0,0,0,0,0,0,0,0,0,0,1,0,0,0,online,0,1
466,F16 PRE,359,19,University of Colorado Boulder,Fall,2016,"Dubson, Michael",General Physics 1 for Engineers,0,0,0,0,0,0,0,0,0,0,0,0,0,0,0,0,0,0,0,0,0,0,0,0,0,100%,12,N/A,0,0,0,1,0,60,6+,6+,1,0,1,0,0,1,1,0,1,1,0,online,0,1
516,Pre-test,395,63,"University of Nevada, Reno",Fall,2016,"Sandstrom, Pamela",Intro to Cell and Molecular Biology,0,1,0,0,0,0,0,0,0,0,0,1,0,0,0,0,247,232,246,0,0,0,0,14,246,60%,8,0.032388664,1,0,0,0,0,1,2,6+,1,0,1,1,1,1,1,0,1,1,0,online,0,0
550,F16,421,213,Rowan University,Fall,2016,"Claar, Rodger",Physics of Everyday Life,0,0,0,0,0,0,0,0,0,0,0,0,0,0,0,0,25,9,9,0,0,0,0,0,9,,0,0,0,0,0,0,0,0,2,6+,0,1,0,1,1,1,0,1,1,0,1,online,0,1
187,F15 Biol 198E,72,4,Benedictine University,Fall,2015,"Wilson, Allison ",Principle of Biology,0,1,0,0,0,0,0,0,0,0,0,1,0,0,0,0,0,0,0,0,0,0,0,0,0,,0,N/A,0,0,0,0,0,0,0,4,0,1,0,1,1,1,0,0,0,0,0,online,0,0
218,Spr16 Concept Pre,204,7,Boston University,Spring,2016,"Jariwala, Manher",General Physics 2,0,0,0,0,0,0,0,0,0,1,0,0,0,0,1,0,2,0,0,0,0,0,0,0,0,90%,3,1.5,0,0,0,1,0,90,3,3,1,0,1,1,1,1,1,1,1,1,0,online,0,0
273,S16,240,213,Rowan University,Spring,2016,"La Porta, Philip",Introductory Mechanics,0,0,0,0,0,0,0,0,1,0,0,0,0,0,1,0,149,85,94,0,117,120,0,47,15,70%,1,0.006711409,0,1,0,0,0,45,1,0,1,0,1,1,1,1,1,1,1,0,0,online,0,1
305,S16-Pre,267,156,Texas State University,Spring,2016,"Gregory, Amanda",Introductory Mechanics,0,0,0,0,0,0,0,0,1,0,0,0,0,0,1,0,24,16,16,0,0,0,0,0,16,100%,4,0.166666667,0,1,0,0,0,120,1,0,0,1,1,1,1,1,1,1,1,0,0,online,0,1
157,F15 Post,157,91,Central Washington University,Fall,2015,"Snowden, Darci",General Physics,0,0,0,0,0,0,1,0,0,0,0,0,0,0,1,0,50,40,41,0,28,28,0,2,14,40%,2,0.04,1,0,0,0,0,60,2,0,1,1,0,1,1,1,1,1,1,0,0,online,0,0
568,F16,434,213,Rowan University,Fall,2016,"Votta, Gerald",Introductory Mechanics,0,0,0,0,0,0,0,0,1,0,0,0,0,0,1,0,48,37,38,0,0,0,0,1,38,60%,1,0.020833333,0,1,0,0,0,30,0,0,1,1,0,0,0,0,0,0,0,0,0,online,0,1
355,CSEM Sec. 1,303,91,Central Washington University,Spring,2016,"Smith, Anthony",Introductory Physics III,0,0,0,0,0,0,0,0,0,1,0,0,0,0,1,0,20,20,20,0,15,16,0,0,5,90%,2,0.1,0,0,1,0,0,20,0,1,1,1,0,1,0,1,1,1,0,0,0,online,0,0
427,C-LASS_Test,335,296,High School Teacher,Fall,2016,"Stober, Rebecca",TEST,0,0,0,0,0,0,0,0,0,0,0,0,0,0,0,0,2,0,0,0,0,0,0,0,0,,0,0,0,0,0,0,0,0,0,1,0,0,0,0,0,0,0,1,0,0,0,online,0,1
473,F16 Pre,362,92,Chicago State University,Fall,2016,"Sabella, Mel",Physics 1 alg,0,0,0,0,0,0,0,0,0,0,0,0,0,0,0,0,15,4,4,0,0,0,0,0,4,,0,0,0,0,0,0,0,0,6+,6+,1,1,0,1,1,0,0,1,1,0,0,online,0,1
502,Teacher Test CLASS,378,296,High School Teacher,Fall,2016,"Szameitat, Peter",PIB ChemPhys Teacher Test,0,0,0,0,0,0,0,0,0,0,0,0,0,0,0,0,2,0,0,0,0,0,0,0,0,,0,0,0,0,0,0,0,0,0,4,0,1,1,1,1,1,1,1,1,0,1,online,0,1
527,8th CLASS,401,296,High School Teacher,Fall,2016,"Su, Erik",Honors Physics Pd 8,0,0,0,0,0,0,0,0,0,0,0,0,0,0,0,0,29,0,0,0,0,0,0,0,0,,0,0,0,0,0,0,0,0,0,0,0,0,0,1,1,1,0,0,0,0,0,online,0,1
558,F16,427,213,Rowan University,Fall,2016,"Goran, Andre",Physics of Everyday Life,0,0,0,0,0,0,0,0,0,0,0,0,0,0,0,0,24,3,3,0,0,0,0,0,3,,0,0,0,0,0,0,0,0,0,3,1,1,0,0,1,1,0,1,1,0,0,online,0,1
192,CLASS-PHYS TEST,189,19,University of Colorado Boulder,Spring,2016,"Her Many Horses, Ian",CLASS TEST,0,0,0,0,0,0,0,0,0,0,0,0,0,0,0,0,2,2,2,0,1,1,0,0,1,,0,0,0,0,0,0,0,0,0,0,0,1,0,0,0,0,0,0,0,0,0,online,0,1
224,SP16 Pre LA,212,212,Red Rocks Community College,Spring,2016,"Cudworth, Paige",College Algebra MAT 121,1,0,0,0,0,0,0,0,0,0,0,0,0,1,0,0,30,18,19,0,2,2,0,1,17,90%,1,0.033333333,0,1,0,0,0,30,1,6+,0,1,0,1,1,1,0,0,0,0,0,online,,
280,S16,247,213,Rowan University,Spring,2016,"Hornibrook, Shannon",Physics II,0,0,0,0,0,0,0,0,0,1,0,0,0,0,1,0,53,45,50,0,31,34,1,5,19,80%,1,0.018867925,1,0,0,0,0,30,0,0,0,1,1,1,1,1,0,1,1,0,0,online,0,1
310,SP16,264,4,Benedictine University,Spring,2016,"Wilson, Allison ",Principles of Biology,0,1,0,0,0,0,0,0,0,0,0,1,0,0,0,0,20,15,15,0,13,13,0,3,5,50%,1,0.05,1,0,0,0,0,60,0,6+,0,0,1,0,1,1,0,0,0,0,1,online,0,0
165,F15 150-1 Post,165,213,Rowan University,Fall,2015,"Claar, Rodger",Physics of Everyday Life,0,0,0,0,0,0,0,0,1,0,0,0,0,0,1,0,24,18,19,0,4,7,0,1,15,,0,0,0,0,0,0,0,0,2,6+,0,1,1,1,1,1,0,1,1,0,0,online,0,1
577,F16,439,156,Texas State University,Fall,2016,"Lunk, Brandon",University Physics II,0,0,0,0,0,0,0,0,0,1,0,0,0,0,1,0,16,4,5,0,0,0,0,1,5,90%,3,0.1875,0,1,0,0,0,120,2,2,1,0,1,1,1,1,1,1,1,0,0,online,0,1
326,S16 Pre,283,156,Texas State University,Spring,2016,"Lunk, Brandon",University Physics 2,0,0,0,0,0,0,0,0,0,1,0,0,0,0,1,0,11,5,6,0,4,6,0,2,3,100%,3,0.272727273,1,0,0,0,0,120,1,2,0,0,1,1,1,1,1,1,1,0,0,online,0,1
363,S16 - Post,268,156,Texas State University,Spring,2016,"Gregory, Amanda",Introductory Mechanics,0,0,0,0,0,0,0,0,1,0,0,0,0,0,1,0,23,0,0,0,17,17,0,17,0,100%,4,0.173913043,0,1,0,0,0,120,1,0,0,1,1,1,1,1,1,1,1,0,0,online,0,1
388,Pre-course assessment,315,292,Randolph College,Summer,2016,"Sojka, Sarah",Introductory Physics II,0,0,0,0,0,0,0,1,0,0,0,0,0,0,1,0,8,4,5,0,4,5,0,2,2,,0,0,0,0,0,0,0,0,0,0,0,1,0,0,1,0,0,0,1,0,0,online,0,0
438,PHY-322 Pretest,342,303,Central Michigan University,Fall,2016,"Redshaw, Matthew",Intermediate Mechanics,0,0,0,0,0,0,1,0,0,0,0,0,0,0,1,0,0,0,0,0,0,0,0,0,0,,0,N/A,0,0,0,0,0,0,0,0,0,1,0,1,0,1,0,0,0,0,0,online,0,1
478,F16 Pre,366,228,Agnes Scott College,Fall,2016,"Ackerman, Nicole",Intro Physics I,0,0,0,0,0,0,0,0,1,0,0,0,0,0,1,0,21,20,20,1,0,0,0,1,21,30%,3,0.142857143,0,0,0,1,0,0,3,0,1,0,1,1,1,1,1,1,1,1,1,online,0,0
551,F16,421,213,Rowan University,Fall,2016,"Claar, Rodger",Physics of Everyday Life,0,0,0,0,0,0,0,0,1,0,0,0,0,0,1,0,25,0,0,0,0,0,0,0,0,,0,0,0,0,0,0,0,0,2,6+,0,1,0,1,1,1,0,1,1,0,1,online,0,1
565,FCI,432,156,Texas State University,Fall,2016,"Baykal-Caglar, Eda",General Physics 1,0,0,0,0,0,0,0,0,1,0,0,0,0,0,1,0,50,8,11,0,0,0,0,3,11,,0,0,0,0,0,0,0,0,0,2,0,1,0,0,1,1,0,0,1,0,0,online,0,1
233,Spring2016 Pre,218,212,Red Rocks Community College,Spring,2016,"Forland, Brenda",College Algebra,1,0,0,0,0,0,0,0,0,0,0,0,0,1,0,0,30,12,13,0,9,9,0,1,4,90%,1,0.033333333,0,0,0,0,1,20,1,6+,0,1,0,1,1,1,0,0,1,0,1,online,,
257,Sp2016 Pre,228,183,Auburn University,Spring,2016,"Mandeltort, Lynn",Fundamentals Chemistry I,0,0,0,0,0,1,0,0,0,0,0,0,1,0,0,0,20,4,4,0,0,0,0,0,4,50%,4,0.2,1,0,0,0,0,45,0,1,0,0,1,0,1,0,0,0,0,1,0,online,0,0
287,SP16 Pre No LA,254,212,Red Rocks Community College,Spring,2016,"Cudworth, Paige",College Algebra MAT 121,1,0,0,0,0,0,0,0,0,0,0,0,0,1,0,0,14,0,2,0,0,1,0,2,2,,0,0,0,0,0,0,0,0,0,1,0,1,0,0,0,0,0,0,0,0,0,online,,
142,ENGR2430-01 POST,142,92,Chicago State University,Fall,2015,"Sabella, Mel",Engineering Statics,0,0,0,0,0,0,0,0,1,0,0,0,0,0,1,0,11,2,4,0,1,3,0,3,4,,0,0,0,0,0,0,0,0,0,1,1,1,0,1,0,0,0,0,0,0,0,online,0,1
172,F15 210-4 Post,172,213,Rowan University,Fall,2015,"Ross, Alan",Physics I,0,0,0,0,0,0,0,0,1,0,0,0,0,0,1,0,26,19,19,0,4,5,0,0,15,20%,1,0.038461538,1,0,0,0,0,30,0,6+,0,1,0,1,0,1,0,1,1,0,0,online,0,1
74,F15 222-13 Pre,74,213,Rowan University,Fall,2015,"Tronin, Andrey",Introductory E&M,0,0,0,0,0,0,0,0,0,1,0,0,0,0,1,0,27,9,10,0,19,19,0,12,2,,0,0,0,0,0,0,0,0,0,6+,0,0,1,0,1,0,0,1,1,0,0,online,0,1
335,1510lectPre,290,183,Auburn University,Spring,2016,"Kolarkar, Ameya",General Physics 2,0,0,0,0,0,0,0,0,0,1,0,0,0,0,1,0,143,5,22,0,3,11,0,24,26,,0,0,0,0,0,0,0,0,0,1,0,0,1,0,1,0,0,1,0,1,0,online,0,0
368,Sp2016Pre,305,227,Brigham Young University,Spring,2016,"Davis, Cheryl",Physics,0,0,0,0,0,0,0,0,1,0,0,0,0,0,1,0,129,49,54,3,64,70,1,35,20,,0,0,0,0,0,0,0,0,0,2,0,0,1,1,1,1,1,0,0,0,1,online,0,0
395,TEST CLASS,319,296,High School Teacher,Fall,2016,"Belleau, Shelly",TEST,0,0,0,0,0,0,0,0,0,0,0,0,0,0,0,0,2,0,0,0,0,0,0,0,0,,0,0,0,0,0,0,0,0,0,0,0,0,0,0,0,0,0,1,0,0,0,online,0,1
448,P4 Physics CLASS,346,296,High School Teacher,Fall,2016,"Ventola, Joe",Physics P4,0,0,0,0,0,0,0,0,0,0,0,0,0,0,0,0,28,0,0,0,0,0,0,0,0,,0,0,0,0,0,0,0,0,0,0,0,0,0,1,1,0,0,1,0,0,0,online,0,1
483,test again,317,19,University of Colorado Boulder,Fall,2016,"Her Many Horses, Ian",Ian's PET Demo Course,0,0,0,0,0,0,0,0,0,0,1,0,0,0,0,1,4,1,1,0,0,1,0,0,1,,0,0,0,0,0,0,0,0,0,0,0,1,0,0,0,0,0,0,0,0,0,online,0,1
541,Pre,409,,,Fall,2016,"Bergeler, Elmar",General Physics I,0,0,0,0,0,0,0,0,1,0,0,0,0,0,1,0,32,12,16,0,0,0,0,4,16,,0,0,0,0,0,0,0,0,0,4,0,0,1,1,1,0,0,0,1,0,0,online,,
178,"LAs Only, No Students",176,19,University of Colorado Boulder,Fall,2015,"Oatley, Mike",Gen Chem 1,0,0,0,0,0,1,0,0,0,0,0,0,1,0,0,0,3,1,1,0,0,0,0,0,1,,0,0,0,0,0,0,0,0,0,0,0,1,0,0,0,0,0,0,0,0,0,online,0,1
207,S16 Pre,193,92,Chicago State University,Spring,2016,"Sabella, Mel",Physics 2 calc,0,0,0,0,0,0,0,0,0,1,0,0,0,0,1,0,11,4,5,0,9,9,0,6,1,100%,1,0.090909091,1,0,0,0,0,60,0,0,1,0,1,1,1,1,1,1,1,0,0,online,0,1
239,CLASS-Pre Pre-Sp2016,213,122,City Colleges of Chicago - Harold Washington College,Spring,2016,"Millan, Jaime",Engineering Physics II,0,0,0,0,0,0,0,0,0,0,0,0,0,0,0,0,34,31,31,0,20,20,0,0,11,,0,0,0,0,0,0,0,0,0,2,1,1,0,1,1,1,0,1,0,0,0,online,1,1
294,Learning attitudes survey -pre,258,156,Texas State University,Spring,2016,"Bergeler, Elmar",General Physics 1,0,0,0,0,0,0,0,0,0,0,0,0,0,0,0,0,53,26,26,0,9,9,0,2,19,,0,0,0,0,0,0,0,0,0,3,0,0,1,1,1,0,0,1,1,0,0,online,0,1
291,Concept survey -pre,257,156,Texas State University,Spring,2016,"Bergeler, Elmar",General Physics 1,0,0,0,0,0,0,0,0,1,0,0,0,0,0,1,0,54,13,24,0,5,9,0,15,23,,0,0,0,0,0,0,0,0,0,3,0,0,1,1,1,0,0,1,1,0,0,online,0,1
269,S16,235,213,Rowan University,Spring,2016,"Hudak, Elliott",Physics of Everyday Life,0,0,0,0,0,0,0,0,1,0,0,0,0,0,1,0,26,23,24,0,18,20,0,1,6,,0,0,0,0,0,0,0,0,0,5,0,1,0,0,1,0,0,1,1,0,0,online,0,1
127,141 Fall '15 pre,127,225,"California State University, Chico",Fall,2015,"Van Dusen, Ben",Concepts in Physical Science,0,0,0,0,0,0,0,0,1,0,0,0,0,0,1,0,2,1,1,0,0,0,0,0,1,20%,2,1,0,0,1,0,0,60,2,1,0,1,0,0,0,0,0,0,0,1,0,online,0,1
148,P2220.F15.61.POST,148,92,Chicago State University,Fall,2015,"Sabella, Mel",Physics 2 calc,0,0,0,0,0,0,0,0,0,1,0,0,0,0,1,0,18,9,10,0,1,4,0,1,9,,0,0,0,0,0,0,0,0,1,6+,1,0,1,1,1,1,0,1,1,0,0,online,0,1
313,S16 TF Pre,271,7,Boston University,Spring,2016,"Spilios, Kathryn",Biology 2,0,1,0,0,0,0,0,0,0,0,0,1,0,0,0,0,13,11,12,0,8,8,0,1,4,100%,15,1.153846154,0,0,1,0,0,120,4,3,1,0,1,0,0,0,0,1,0,0,0,online,0,0
341,1600chalkAtt,288,183,Auburn University,Spring,2016,"Kolarkar, Ameya",Engineering Physics 1,0,0,0,0,0,0,0,0,0,0,0,0,0,0,0,0,0,0,0,0,0,0,0,0,0,,0,N/A,0,0,0,0,0,0,0,0,0,1,0,0,1,0,0,1,0,1,0,online,0,0
376,Summer 2016 pre,308,63,"University of Nevada, Reno",Summer,2016,"Sandstrom, Pamela",00 Principles of Genetics *TEST*,0,0,1,0,0,0,0,0,0,0,0,1,0,0,0,0,1,1,1,0,1,1,0,0,0,,0,0,0,0,0,0,0,0,2,6+,1,0,0,0,1,0,0,0,1,0,0,online,0,0
465,Fall2016 Pre,357,41,Rochester Institute of Technology,Fall,2016,"Connelly, Jennifer",College Physics I,0,0,0,0,0,0,1,0,0,0,0,0,0,0,1,0,18,4,6,0,0,0,0,2,6,,0,0,0,0,0,0,0,0,0,1,0,1,0,1,1,0,0,1,1,0,0,online,0,0
452,Physics 1 4th period,349,296,High School Teacher,Fall,2016,"Clement, Tracy",4th period IB Physics 1,0,0,0,0,0,0,0,0,0,0,0,0,0,0,0,0,0,0,0,0,0,0,0,0,0,,0,N/A,0,0,0,0,0,0,0,0,0,0,0,1,1,1,1,1,1,0,0,online,0,1
511,F16 Pre,389,227,Brigham Young University,Fall,2016,"Davis, Cheryl",College Physics,0,0,0,0,0,0,0,0,1,0,0,0,0,0,1,0,67,26,32,0,0,0,0,6,32,100%,6,0.089552239,0,1,0,0,0,1,0,4,0,0,1,1,1,1,1,0,0,0,0,online,0,0
236,Sp2016 Pre-,215,122,City Colleges of Chicago - Harold Washington College,Spring,2016,"Millan, Jaime","General Physics II Electricity, Light and Modern Physics",0,0,0,0,0,0,0,0,0,1,0,0,0,0,1,0,6,0,0,0,0,0,0,0,0,,0,0,0,0,0,0,0,0,0,2,1,1,0,1,1,1,0,1,1,0,0,online,1,1
548,F16,419,213,Rowan University,Fall,2016,"Berg, Dominik",Introductory Mechanics,0,0,0,0,0,0,0,0,1,0,0,0,0,0,1,0,48,14,25,0,0,0,0,11,25,60%,1,0.020833333,0,1,0,0,0,45,0,0,1,0,1,1,1,1,0,1,1,0,0,online,0,1
301,S16-Pre,265,156,Texas State University,Spring,2016,"Gregory, Amanda",Introductory Mechanics,0,0,0,0,0,0,0,0,1,0,0,0,0,0,1,0,25,15,18,0,0,0,0,3,18,100%,4,0.16,0,1,0,0,0,120,1,0,0,1,1,1,1,1,1,1,1,0,0,online,0,1
216,SP16-02 Pre,203,57,University of Central Arkansas,Spring,2016,"Frederickson, Carl ",University Physics 1,0,0,0,0,0,0,0,0,1,0,0,0,0,0,1,0,22,21,22,0,12,12,0,1,10,,0,0,0,0,0,0,0,0,2,5,0,0,0,1,1,1,0,1,1,0,0,online,0,0
271,S16,238,7,Boston University,Spring,2016,"Duffy, Andrew",Physics 2,0,0,0,0,0,0,0,0,0,1,0,0,0,0,1,0,8,8,8,0,7,7,0,0,1,100%,8,1,1,0,0,0,0,60,4,6+,1,0,1,1,1,1,1,1,1,1,0,online,0,0
303,S16-Pre,268,156,Texas State University,Spring,2016,"Gregory, Amanda",Introductory Mechanics,0,0,0,0,0,0,0,0,1,0,0,0,0,0,1,0,23,15,16,0,0,0,0,1,16,100%,4,0.173913043,0,1,0,0,0,120,1,0,0,1,1,1,1,1,1,1,1,0,0,online,0,1
155,Post FCI Phys235 F2015,155,122,City Colleges of Chicago - Harold Washington College,Fall,2015,"Millan, Jaime",IPhysics I,0,0,0,0,0,0,0,0,1,0,0,0,0,0,1,0,32,27,27,0,17,17,0,1,11,,0,0,0,0,0,0,0,0,0,6+,1,1,0,1,1,1,0,1,0,0,1,online,1,1
331,NSCI141_pre,285,225,"California State University, Chico",Spring,2016,"Lin, Yuhfen",Concepts in Physical Science,0,0,0,0,0,0,1,0,0,0,0,0,0,0,1,0,62,0,0,0,0,0,0,0,0,,0,0,0,0,0,0,0,0,0,0,1,0,1,1,1,1,0,1,0,0,0,online,0,1
353,F16 Pre,301,245,Wayne State Univeristy,Fall,2016,"Myhr, Karen",An introduction to Life,0,1,0,0,0,0,0,0,0,0,0,1,0,0,0,0,0,0,0,0,0,0,0,0,0,90%,10,N/A,0,0,0,0,1,20,6+,1,1,0,1,1,1,1,1,0,1,0,1,online,0,1
580,CLASS,442,156,Texas State University,Fall,2016,"Sengupta, Aparajita",Intro Mechanics,0,0,0,0,0,0,0,0,0,0,0,0,0,0,0,0,25,6,6,0,0,0,0,0,6,100%,4,0.16,0,1,0,0,0,120,0,0,0,1,0,1,1,1,1,1,1,0,0,online,0,1
421,5th CLASS,332,296,High School Teacher,Fall,2016,"Belleau, Michelle",5th Block Physics,0,0,0,0,0,0,0,0,0,0,0,0,0,0,0,0,0,0,0,0,0,0,0,0,0,,0,N/A,0,0,0,0,0,0,0,0,0,0,0,1,0,0,0,0,0,0,0,online,0,1
455,Physics 1 7th period,350,296,High School Teacher,Fall,2016,"Clement, Tracy",7th period IB Physics 1,0,0,0,0,0,0,0,0,0,0,0,0,0,0,0,0,0,0,0,0,0,0,0,0,0,,0,N/A,0,0,0,0,0,0,0,0,0,0,0,1,1,1,1,1,1,0,0,online,0,1
499,FMCE Fall 2016 Pre,375,41,Rochester Institute of Technology,Fall,2016,"Zwickl, Benjamin",University Physics 1,0,0,0,0,0,0,1,0,0,0,0,0,0,0,1,0,42,32,34,1,0,0,0,3,35,90%,1,0.023809524,0,1,0,0,0,120,0,3,0,0,1,1,1,1,1,1,1,0,0,online,0,0
523,3rd CLASS,399,296,High School Teacher,Fall,2016,"Su, Erik",Honors Physics Pd 3,0,0,0,0,0,0,0,0,0,0,0,0,0,0,0,0,36,0,0,0,0,0,0,0,0,,0,0,0,0,0,0,0,0,0,0,0,0,0,1,1,1,0,0,0,0,0,online,0,1
556,F16,424,213,Rowan University,Fall,2016,"Ross, Alan",Physics I,0,0,0,0,0,0,0,0,1,0,0,0,0,0,1,0,48,27,28,0,0,0,0,1,28,50%,1,0.020833333,1,0,0,0,0,15,0,1,1,0,0,1,1,1,0,1,1,0,0,online,0,1
191,F16 Pre,188,227,Brigham Young University,Winter,2016,"Davis, Cheryl",Physics,0,0,0,0,0,0,0,0,1,0,0,0,0,0,1,0,276,203,215,1,85,101,1,23,141,,0,0,0,0,0,0,0,0,0,1,0,0,1,1,1,1,1,0,0,0,0,online,0,0
222,S16,207,7,Boston University,Spring,2016,"Duffy, Andrew",Physics 2,0,0,0,0,0,0,0,0,0,1,0,0,0,0,1,0,78,78,78,0,74,74,1,0,4,100%,2,0.025641026,1,0,0,0,0,60,4,6+,1,0,1,1,1,1,1,1,1,1,0,online,0,0
240,BEMA Pre-Sp2016,213,122,City Colleges of Chicago - Harold Washington College,Spring,2016,"Millan, Jaime",Engineering Physics II,0,0,0,0,0,0,0,0,0,1,0,0,0,0,1,0,0,0,0,0,0,0,0,0,0,,0,N/A,0,0,0,0,0,0,0,2,1,1,0,1,1,1,0,1,0,0,0,online,1,1
278,S16,245,213,Rowan University,Spring,2016,"Dobbins, Tabbetha",Physics I,0,0,0,0,0,0,0,0,1,0,0,0,0,0,1,0,45,22,27,0,28,30,0,15,9,80%,1,0.022222222,0,1,0,0,0,30,1,6+,0,1,0,1,1,1,0,1,1,0,0,online,0,1
318,FMCE 1,277,41,Rochester Institute of Technology,Spring,2016,"Chabot, Michelle",UP1,0,0,0,0,0,0,1,0,0,0,0,0,0,0,1,0,40,39,39,0,28,30,0,0,11,90%,1,0.025,0,1,0,0,0,60,2,2,0,0,1,1,1,1,0,1,1,0,1,online,0,0
134,F15 Post,134,227,Brigham Young University,Fall,2015,"Davis, Cheryl",College Physics,0,0,0,0,0,0,0,0,1,0,0,0,0,0,1,0,72,15,19,0,0,0,0,4,19,,0,0,0,0,0,0,0,0,0,5,0,0,1,1,1,1,1,0,0,0,1,online,0,0
163,FMCE post-test w_LA,163,41,Rochester Institute of Technology,Fall,2015,"Lusignan, Charles",College Physics I,0,0,0,0,0,0,1,0,0,0,0,0,0,0,1,0,44,29,32,0,29,32,0,7,7,30%,2,0.045454545,0,1,0,0,0,120,0,2,0,1,0,1,1,1,1,1,1,0,1,online,0,0
324,FCI,282,156,Texas State University,Spring,2016,"Donnelly, Dave",Mechanics,0,0,0,0,0,0,0,0,1,0,0,0,0,0,1,0,23,11,11,0,11,12,0,5,5,70%,4,0.173913043,0,1,0,0,0,120,3,6+,0,0,0,1,0,1,1,1,0,0,0,online,0,1
360,S16 - Post,265,156,Texas State University,Spring,2016,"Gregory, Amanda",Introductory Mechanics,0,0,0,0,0,0,0,0,0,0,0,0,0,0,0,0,24,0,0,0,22,22,0,22,0,100%,4,0.166666667,0,1,0,0,0,120,1,0,0,1,1,1,1,1,1,1,1,0,0,online,0,1
436,CLASS test,340,19,University of Colorado Boulder,Fall,2016,"Nix, Oliver",test1234,0,0,0,0,0,0,0,0,0,0,0,0,0,0,0,0,9,0,0,0,0,0,0,0,0,,0,0,0,0,0,0,0,0,0,0,0,1,0,0,0,0,0,0,0,0,0,online,0,1
533,CSEM pre,405,41,Rochester Institute of Technology,Fall,2016,"Lusignan, Charles",College Physics 2,0,0,0,0,0,0,0,0,0,1,0,0,0,0,1,0,74,18,22,0,0,0,0,4,22,70%,2,0.027027027,0,1,0,0,0,120,1,1,1,1,0,0,1,1,0,1,1,0,1,online,0,0
563,FCI,431,156,Texas State University,Fall,2016,"Baykal-Caglar, Eda",General Physics 1,0,0,0,0,0,0,0,0,1,0,0,0,0,0,1,0,50,11,12,0,0,0,0,1,12,,0,0,0,0,0,0,0,0,0,2,0,1,0,0,1,0,0,0,1,0,0,online,0,1
200,S16 Pre,197,92,Chicago State University,Spring,2016,"Sabella, Mel",Dynamics,0,0,0,0,0,0,1,0,0,0,0,0,0,0,1,0,6,1,3,0,3,3,0,3,1,100%,1,0.166666667,1,0,0,0,0,60,0,1,1,0,1,1,1,1,0,0,0,0,0,online,0,1
229,Spr16 Attitude - LA,204,7,Boston University,Spring,2016,"Jariwala, Manher",General Physics 2,0,0,0,0,0,0,0,0,0,0,0,0,0,0,0,0,3,3,3,0,3,3,0,0,0,90%,3,1,0,0,0,1,0,90,3,3,1,0,1,1,1,1,1,1,1,1,0,online,0,0
581,NON-CLASS,442,156,Texas State University,Fall,2016,"Sengupta, Aparajita",Intro Mechanics,0,0,0,0,0,0,0,0,1,0,0,0,0,0,1,0,25,6,7,0,0,0,0,1,7,100%,4,0.16,0,1,0,0,0,120,0,0,0,1,0,1,1,1,1,1,1,0,0,online,0,1
285,SP16 Pre No LA,252,212,Red Rocks Community College,Spring,2016,"Cudworth, Paige",College Algebra MAT 121,1,0,0,0,0,0,0,0,0,0,0,0,0,1,0,0,26,2,5,0,1,2,0,3,4,,0,0,0,0,0,0,0,0,0,0,0,1,0,0,1,0,0,0,0,0,0,online,,
140,NSCI 141,140,225,"California State University, Chico",Fall,2015,"Van Dusen, Ben",NSCI,0,0,0,0,0,0,0,0,1,0,0,0,0,0,1,0,1,0,0,0,0,0,0,0,0,,0,0,0,0,0,0,0,0,2,1,0,0,0,0,0,0,0,1,0,0,0,online,0,1
170,F15 210-2 Post,170,213,Rowan University,Fall,2015,"Dobbins, Tabbetha",Physics I,0,0,0,0,0,0,0,0,1,0,0,0,0,0,1,0,27,14,15,0,4,8,0,4,14,50%,1,0.037037037,1,0,0,0,0,0,1,6+,0,1,0,1,1,1,0,0,0,0,0,online,0,1
382,Su'16 TAs,311,63,"University of Nevada, Reno",Summer,2016,"Sandstrom, Pamela",Principles of Genetics,0,0,1,0,0,0,0,0,0,0,0,1,0,0,0,0,3,3,3,0,0,0,0,0,3,,0,0,0,0,0,0,0,0,1,6+,1,0,0,0,1,0,0,0,1,1,0,online,0,0
73,F15 Biol 198A,73,4,Benedictine University,Fall,2015,"Wilson, Allison ",Principles of Biology,0,1,0,0,0,0,0,0,0,0,0,1,0,0,0,0,27,25,25,0,15,15,0,0,10,,0,0,0,0,0,0,0,0,0,6+,0,0,1,1,1,1,0,0,0,0,0,online,0,0
267,S16 Pre,168,213,Rowan University,Spring,2016,"Dougherty, Lawrence",Physics of Everyday Life,0,0,0,0,0,0,0,0,1,0,0,0,0,0,1,0,26,25,25,0,18,19,0,0,7,,0,0,0,0,0,0,0,0,0,1,0,1,0,1,1,1,0,1,0,0,0,online,0,1
366,S16 - Post,267,156,Texas State University,Spring,2016,"Gregory, Amanda",Introductory Mechanics,0,0,0,0,0,0,0,0,0,0,0,0,0,0,0,0,24,0,0,0,19,19,0,19,0,100%,4,0.166666667,0,1,0,0,0,120,1,0,0,1,1,1,1,1,1,1,1,0,0,online,0,1
393,FMCE,318,225,"California State University, Chico",Fall,2016,"Van Dusen, Ben",Concepts in Physical Science,0,0,0,0,0,0,1,0,0,0,0,0,0,0,1,0,82,70,73,0,0,0,0,3,73,80%,4,0.048780488,0,1,0,0,0,70,0,0,0,0,1,1,1,1,0,0,1,0,0,online,0,1
446,P2 Physics CLASS,345,296,High School Teacher,Fall,2016,"Ventola, Joe",Physics P2,0,0,0,0,0,0,0,0,0,0,0,0,0,0,0,0,25,0,0,0,0,0,0,0,0,,0,0,0,0,0,0,0,0,0,0,0,0,0,1,1,0,0,1,0,0,0,online,0,1
481,test,361,41,Rochester Institute of Technology,Fall,2016,"Chabot, Michelle",University Physics I,0,0,0,0,0,0,0,1,0,0,0,0,0,0,1,0,0,0,0,0,0,0,0,0,0,100%,1,N/A,0,1,0,0,0,60,3,2,0,0,1,1,1,1,0,1,1,1,0,online,0,0
508,Pre-test,387,227,Brigham Young University,Fall,2016,"Davis, Cheryl",College Physics,0,0,0,0,0,0,0,0,1,0,0,0,0,0,1,0,177,0,0,0,0,0,0,0,0,50%,10,0.056497175,1,0,0,0,0,1,0,5,0,0,1,1,1,1,1,0,0,0,0,online,0,0
539,Pre,408,,,Fall,2016,"Bergeler, Elmar",General Physics I,0,0,0,0,0,0,0,0,1,0,0,0,0,0,1,0,48,29,32,0,0,0,0,3,32,,0,0,0,0,0,0,0,0,0,4,0,0,1,1,1,0,0,0,1,0,0,online,,
176,"Students Only, No LAs",176,19,University of Colorado Boulder,Fall,2015,"Oatley, Mike",Gen Chem 1,0,0,0,0,0,1,0,0,0,0,0,0,1,0,0,0,2,1,1,0,1,1,0,0,0,,0,0,0,0,0,0,0,0,0,0,0,1,0,0,0,0,0,0,0,0,0,online,0,1
205,S16 Pre,195,92,Chicago State University,Spring,2016,"Sabella, Mel",Physics 2 alg,0,0,0,0,0,0,0,1,0,0,0,0,0,0,1,0,11,0,0,0,2,4,0,4,2,,0,0,0,0,0,0,0,0,0,0,0,0,1,1,1,1,1,1,1,0,0,online,0,1
238,CLASS-Phys Pre-Sp2016,215,122,City Colleges of Chicago - Harold Washington College,Spring,2016,"Millan, Jaime","General Physics II Electricity, Light and Modern Physics",0,0,0,0,0,0,0,0,0,0,0,0,0,0,0,0,6,4,4,0,0,0,0,0,4,,0,0,0,0,0,0,0,0,0,2,1,1,0,1,1,1,0,1,1,0,0,online,1,1
265,Sp2016 Pre,232,183,Auburn University,Spring,2016,"Mandeltort, Lynn",Fundamentals Chemistry II,0,0,0,0,0,1,0,0,0,0,0,0,1,0,0,0,300,40,53,0,0,0,0,13,53,50%,6,0.02,1,0,0,0,0,45,0,3,0,1,0,1,1,0,0,0,0,1,0,online,0,0
292,Learning attitudes survey -pre,258,156,Texas State University,Spring,2016,"Bergeler, Elmar",General Physics 1,0,0,0,0,0,0,0,0,0,0,0,0,0,0,0,0,12,0,0,0,0,0,0,0,0,,0,0,0,0,0,0,0,0,0,3,0,0,1,1,1,0,0,1,1,0,0,online,0,1
113,F15 222-13c Pre,113,213,Rowan University,Fall,2015,"Tronin, Andrey",Introductory E&M,0,0,0,0,0,0,0,0,0,1,0,0,0,0,1,0,1,0,0,0,0,0,0,0,0,,0,0,0,0,0,0,0,0,0,6+,0,0,1,0,1,0,0,1,1,0,0,online,0,1
146,P1520.F15.01.POST,146,92,Chicago State University,Fall,2015,"Sabella, Mel",Physics 2 alg,0,0,0,0,0,0,0,0,0,1,0,0,0,0,1,0,12,6,7,1,1,2,0,3,8,40%,1,0.083333333,0,0,1,0,0,40,2,6+,1,0,1,1,1,1,0,1,1,0,0,online,0,1
339,1600lecAtt,287,183,Auburn University,Spring,2016,"Kolarkar, Ameya",Engineering Physics 1 ,0,0,0,0,0,0,0,0,0,0,0,0,0,0,0,0,234,18,22,0,9,18,0,16,25,,0,0,0,0,0,0,0,0,0,1,0,0,1,0,1,0,0,1,1,1,0,online,0,0
374,Pre-Test,307,63,"University of Nevada, Reno",Summer,2016,"Sandstrom, Pamela",Intro to Cell and Molecular Biology,0,0,0,0,0,0,0,0,0,0,1,0,0,0,0,1,0,0,0,0,0,0,0,0,0,,0,N/A,0,0,0,0,0,0,2,6+,1,0,1,1,1,1,0,0,1,1,0,online,0,0
405,CLASS,323,296,High School Teacher,Fall,2016,"Nel, Elizabeth",PET Physics,0,0,0,0,0,0,0,0,0,0,0,0,0,0,0,0,35,29,31,0,1,28,0,2,30,,0,0,0,0,0,0,0,0,0,0,0,0,0,0,0,1,0,1,0,0,0,online,0,1
450,Physics 1 3rd period,348,296,High School Teacher,Fall,2016,"Clement, Tracy",3rd period IB Physics 1,0,0,0,0,0,0,0,0,0,0,0,0,0,0,0,0,0,0,0,0,0,0,0,0,0,,0,N/A,0,0,0,0,0,0,0,0,0,0,0,1,1,1,1,1,1,0,0,online,0,1
489,CLASS A2,371,296,High School Teacher,Fall,2016,"Francis, Adam",General Physics,0,0,0,0,0,0,0,0,0,0,0,0,0,0,0,0,17,15,16,0,0,0,0,1,16,,0,0,0,0,0,0,0,0,0,4,0,0,0,0,0,1,0,0,0,0,0,online,0,1
510,F16 Pre,389,227,Brigham Young University,Fall,2016,"Davis, Cheryl",College Physics,0,0,0,0,0,0,0,0,0,0,1,0,0,0,0,1,0,0,0,0,0,0,0,0,0,100%,6,N/A,0,1,0,0,0,1,0,4,0,0,1,1,1,1,1,0,0,0,0,online,0,0
546,F16,416,213,Rowan University,Fall,2016,"Nucci, Nathaniel",Introductory Electricity & Magnetism,0,0,0,0,0,0,0,0,0,1,0,0,0,0,1,0,24,24,24,0,0,0,0,0,24,100%,1,0.041666667,0,1,0,0,0,25,1,4,0,0,1,1,1,1,1,1,1,0,1,online,0,1
184,test,182,19,University of Colorado Boulder,Fall,2015,"Oatley, Mike",test,0,0,0,0,0,0,0,0,0,0,1,0,0,0,0,1,4,0,0,0,0,0,0,0,0,,0,0,0,0,0,0,0,0,0,0,0,1,0,0,0,0,0,0,0,0,0,online,0,1
215,Sp15-01 Pre,202,57,University of Central Arkansas,Spring,2016,"Frederickson, Carl ",University Physics 1,0,0,0,0,0,0,0,0,1,0,0,0,0,0,1,0,24,0,0,0,0,0,0,0,0,,0,0,0,0,0,0,0,0,2,5,0,0,0,1,1,0,0,1,1,0,0,online,0,0
570,F16,436,213,Rowan University,Fall,2016,"Tronin, Andrey",Introductory Mechanics,0,0,0,0,0,0,0,0,1,0,0,0,0,0,1,0,24,22,22,0,0,0,0,0,22,,0,0,0,0,0,0,0,0,0,0,0,0,1,0,1,0,0,1,1,0,0,online,0,1
300,S16-Pre,265,156,Texas State University,Spring,2016,"Gregory, Amanda",Introductory Mechanics,0,0,0,0,0,0,0,0,0,0,1,0,0,0,0,1,0,0,0,0,0,0,0,0,0,100%,4,N/A,0,1,0,0,0,120,1,0,0,1,1,1,1,1,1,1,1,0,0,online,0,1
153,F15 Post,153,91,Central Washington University,Fall,2015,"Fallscheer, Cassie",General Physics,0,0,0,0,0,0,0,0,1,0,0,0,0,0,1,0,47,43,44,0,29,30,0,2,16,70%,1,0.021276596,0,0,1,0,0,15,0,0,1,0,0,1,1,1,1,1,0,0,0,online,0,0
330,E & M Survey,280,156,Texas State University,Spring,2016,"Scolfaro, Luisa",Electricity & Magnetism,0,0,0,0,0,0,0,0,0,0,0,0,0,0,0,0,24,10,10,0,3,4,1,2,9,20%,4,0.166666667,1,0,0,0,0,250,5,6+,0,1,0,0,1,1,0,0,1,0,0,online,0,1
350,2155_CSEM,299,41,Rochester Institute of Technology,Spring,2016,"Lusignan, Charles",College Physics 2,0,0,0,0,0,0,0,0,0,1,0,0,0,0,1,0,119,94,96,0,85,92,0,12,21,100%,2,0.016806723,0,1,0,0,0,2,0,0,1,1,0,0,1,1,1,1,1,0,1,online,0,0
399,Block 2 Class,321,296,High School Teacher,Fall,2016,"Schrode, Nicole",Physics,0,0,0,0,0,0,0,0,0,0,0,0,0,0,0,0,29,12,12,0,0,0,0,0,12,,0,0,0,0,0,0,0,0,0,0,0,0,0,0,0,0,0,1,0,0,0,online,0,1
416,Post-Instruction Assessment,329,246,Metropolitan State University of Denver,Fall,2016,"Loats, Jeff",General Physics II,0,0,0,0,0,0,0,0,0,1,0,0,0,0,1,0,0,0,0,0,0,0,0,0,0,30%,2,N/A,1,0,0,0,0,90,0,3,0,0,1,0,1,1,1,0,1,0,0,online,0,1
470,F16 Pre,363,92,Chicago State University,Fall,2016,"Sabella, Mel",Physics 1 alg,0,0,0,0,0,0,0,0,1,0,0,0,0,0,1,0,24,11,11,0,0,0,0,0,11,100%,1,0.041666667,1,0,0,0,0,1,0,0,1,0,1,1,1,1,0,1,1,0,0,online,0,1
243,Sp2016 Pre,210,183,Auburn University,Spring,2016,"Mandeltort, Lynn",Fundamentals Chemistry I,0,0,0,0,0,1,0,0,0,0,0,0,1,0,0,0,49,25,26,0,0,0,0,1,26,50%,4,0.081632653,1,0,0,0,0,45,3,0,1,1,1,1,1,1,0,0,1,1,0,online,0,0
520,PHY-322 FCI,342,303,Central Michigan University,Fall,2016,"Redshaw, Matthew",Intermediate Mechanics,0,0,0,0,0,0,0,0,1,0,0,0,0,0,1,0,11,4,5,0,0,0,0,1,5,,0,0,0,0,0,0,0,0,0,0,0,1,0,1,0,1,0,0,0,0,0,online,0,1
554,F,423,213,Rowan University,Fall,2016,"Hudak, Elliott",Physics of Everyday Life,0,0,0,0,0,0,0,0,0,0,0,0,0,0,0,0,48,5,6,0,0,0,0,1,6,,0,0,0,0,0,0,0,0,0,6+,0,1,0,0,1,0,0,1,1,0,0,online,0,1
189,Sp2016 Pre,186,183,Auburn University,Spring,2016,"Mandeltort, Lynn",Fundamentals Chemistry I,0,0,0,0,0,1,0,0,0,0,0,0,1,0,0,0,30,16,18,0,0,0,0,2,18,50%,5,0.166666667,0,1,0,0,0,45,0,3,1,1,1,1,1,1,0,0,0,1,0,online,0,0
220,S16 Pre,205,7,Boston University,Spring,2016,"Duffy, Andrew",Physics 2,0,0,0,0,0,0,0,0,0,1,0,0,0,0,1,0,85,84,84,1,80,82,0,1,5,100%,2,0.023529412,1,0,0,0,0,60,4,6+,1,0,1,1,1,1,1,1,1,1,0,online,0,0
276,S16,243,213,Rowan University,Spring,2016,"Berg, Dominik",Physics II,0,0,0,0,0,0,0,0,0,1,0,0,0,0,1,0,50,38,42,0,24,29,1,6,20,60%,1,0.02,0,1,0,0,0,45,0,0,0,0,1,1,1,1,0,1,1,0,0,online,0,1
584,CLASS Early Year,425,296,High School Teacher,Fall,2016,"Becker, Kimberly ",IB Physics 1,0,0,0,0,0,0,0,0,0,0,0,0,0,0,0,0,12,3,3,0,0,0,0,0,3,,0,0,0,0,0,0,0,0,0,6+,0,0,0,1,1,1,0,1,1,0,0,online,0,1
308,F15 Pre,262,4,Benedictine University,Spring,2016,"Wilson, Allison ",Principles of Biology,0,1,0,0,0,0,0,0,0,0,0,1,0,0,0,0,31,28,28,0,10,10,0,0,18,,0,0,0,0,0,0,0,0,0,6+,0,1,0,0,0,0,0,0,0,0,0,online,0,0
588,F16,444,213,Rowan University,Fall,2016,"Haldolaarachchige, Neel",Introductory Electricity & Magnetism,0,0,0,0,0,0,0,0,0,1,0,0,0,0,1,0,71,6,11,0,0,0,0,5,11,40%,1,0.014084507,1,0,0,0,0,30,0,0,0,1,0,1,1,1,1,1,1,0,1,online,0,1
133,F15 Post,133,227,Brigham Young University,Fall,2015,"Davis, Cheryl",College Physics,0,0,0,0,0,0,0,0,1,0,0,0,0,0,1,0,330,180,210,0,197,204,1,94,77,,0,0,0,0,0,0,0,0,0,3,0,0,1,1,1,1,1,0,0,0,1,online,0,0
161,F15 Post,161,46,Seattle Pacific University,Fall,2015,"Seeley, Lane",PHY 1121,0,0,0,0,0,0,0,0,1,0,0,0,0,0,1,0,28,25,26,0,21,22,0,1,5,100%,2,0.071428571,1,0,0,0,0,180,6+,0,0,0,0,0,1,1,1,0,1,1,1,online,0,0
322,S16 pre,281,41,Rochester Institute of Technology,Spring,2015,"Ptak, Corey",Intro to Bio II,0,0,0,1,0,0,0,0,0,0,0,1,0,0,0,0,77,74,74,0,63,64,0,3,14,90%,2,0.025974026,0,1,0,0,0,1,2,0,0,0,1,1,1,1,1,1,0,0,1,online,0,0
358,S16 Post,265,156,Texas State University,Spring,2016,"Gregory, Amanda",Introductory Mechanics,0,0,0,0,0,0,0,0,0,0,1,0,0,0,0,1,0,0,0,0,0,0,0,0,0,100%,4,N/A,0,1,0,0,0,120,1,0,0,1,1,1,1,1,1,1,1,0,0,online,0,1
385,test,140,225,"California State University, Chico",Fall,2015,"Van Dusen, Ben",NSCI,0,0,0,0,0,0,0,0,0,0,0,0,0,0,0,0,0,0,0,0,0,0,0,0,0,,0,N/A,0,0,0,0,0,0,2,1,0,0,0,0,0,0,0,1,0,0,0,online,0,1
432,5th CLASS,338,296,High School Teacher,Fall,2016,"Szameitat, Peter",5th Period PIB ChemPhys,0,0,0,0,0,0,0,0,0,0,0,0,0,0,0,0,29,26,27,0,0,0,0,1,27,,0,0,0,0,0,0,0,0,0,4,0,0,0,1,1,1,1,1,1,0,0,online,0,1
475,F16 Pre,364,92,Chicago State University,Fall,2016,"Sabella, Mel",Physics 2 alg,0,0,0,0,0,0,0,0,0,0,0,0,0,0,0,0,14,4,4,0,0,0,0,0,4,100%,1,0.071428571,1,0,0,0,0,1,2,1,1,0,1,1,1,1,0,1,1,0,0,online,0,1
464,Fall2016 Pre,356,41,Rochester Institute of Technology,Fall,2016,"Connelly, Jennifer",College Physics I,0,0,0,0,0,0,1,0,0,0,0,0,0,0,1,0,21,9,12,0,0,0,0,3,12,,0,0,0,0,0,0,0,0,0,1,0,1,0,1,1,0,0,1,0,0,0,online,0,0
505,Pre,380,228,Agnes Scott College,Fall,2016,"Ackerman, Nicole",Waves around the world,0,0,0,0,0,0,0,0,0,0,0,0,0,0,0,0,17,17,17,0,0,0,0,0,17,100%,1,0.058823529,0,1,0,0,0,0,0,0,1,1,0,1,1,1,0,0,1,0,0,online,0,0
531,CSEM pre,403,41,Rochester Institute of Technology,Fall,2016,"Lusignan, Charles",College Physics,0,0,0,0,0,0,0,0,0,1,0,0,0,0,1,0,115,0,0,0,0,0,0,0,0,70%,2,0.017391304,0,1,0,0,0,120,1,0,1,0,0,1,1,1,0,1,0,0,1,online,0,0
561,F16,430,213,Rowan University,Fall,2016,"Hu, Xiao",Introductory Mechanics,0,0,0,0,0,0,0,0,1,0,0,0,0,0,1,0,96,8,13,1,0,0,0,6,14,,0,0,0,0,0,0,0,0,3,5,0,0,1,1,1,0,0,0,0,0,0,online,0,1
198,W16 Pre,190,91,Central Washington University,Winter,2016,"Smith, Anthony",General Physics I,0,0,0,0,0,0,0,0,1,0,0,0,0,0,1,0,36,32,33,0,30,30,0,2,4,100%,1,0.027777778,0,0,1,0,0,30,0,0,0,1,0,1,1,1,1,1,1,0,0,online,0,0
227,Spr16 Concept - LA,204,7,Boston University,Spring,2016,"Jariwala, Manher",General Physics 2,0,0,0,0,0,0,0,0,0,1,0,0,0,0,1,0,3,3,3,0,3,3,0,0,0,90%,3,1,0,0,0,1,0,90,3,3,1,0,1,1,1,1,1,1,1,1,0,online,0,0
249,Sp2016 Pre,223,183,Auburn University,Spring,2016,"Mandeltort, Lynn",Fundamentals Chemistry I,0,0,0,0,0,1,0,0,0,0,0,0,1,0,0,0,30,4,5,0,0,0,0,1,5,50%,4,0.133333333,1,0,0,0,0,45,0,1,0,0,1,0,1,0,0,0,0,1,0,online,0,0
283,S16,250,213,Rowan University,Spring,2016,"Caguiat, Daniel",Introductory E&M,0,0,0,0,0,0,0,0,0,1,0,0,0,0,1,0,52,40,43,0,49,50,0,11,2,50%,1,0.019230769,0,1,0,0,0,30,0,6+,0,1,0,0,0,0,0,0,0,0,0,online,0,1
138,F2015 Phys181 POST,138,91,Central Washington University,Fall,2015,"Kuwada, Nathan",General Physics I,0,0,0,0,0,0,0,0,1,0,0,0,0,0,1,0,37,29,31,0,22,22,0,5,12,100%,2,0.054054054,0,0,1,0,0,10,0,0,0,1,1,1,1,1,1,1,1,0,0,online,0,0
168,F15 150-4 Post,168,213,Rowan University,Spring,2016,"Dougherty, Lawrence",Physics of Everyday Life,0,0,0,0,0,0,0,0,1,0,0,0,0,0,1,0,28,8,11,0,16,16,0,11,3,,0,0,0,0,0,0,0,0,0,1,0,1,0,1,1,1,0,1,0,0,0,online,0,1
70,F15 220-6 Pre,70,213,Rowan University,Fall,2015,"Hu, Xiao",Introductory Mechanics,0,0,0,0,0,0,0,0,1,0,0,0,0,0,1,0,26,4,7,0,2,7,0,6,8,20%,1,0.038461538,1,0,0,0,0,30,1,6+,0,1,0,1,1,1,0,0,1,0,0,online,0,1
228,Spr16 Concept - TF,204,7,Boston University,Spring,2016,"Jariwala, Manher",General Physics 2,0,0,0,0,0,0,0,0,0,1,0,0,0,0,1,0,5,5,5,0,4,5,0,0,1,90%,3,0.6,0,0,0,1,0,90,3,3,1,0,1,1,1,1,1,1,1,1,0,online,0,0
334,1510easlPre,289,183,Auburn University,Spring,2016,"Kolarkar, Ameya",General Physics 2,0,0,0,0,0,0,0,0,0,1,0,0,0,0,1,0,66,6,16,0,0,7,0,13,19,80%,2,0.03030303,0,1,0,0,0,60,0,1,0,0,0,0,0,1,1,1,1,1,0,online,0,0
365,S16 - Post,267,156,Texas State University,Spring,2016,"Gregory, Amanda",Introductory Mechanics,0,0,0,0,0,0,0,0,1,0,0,0,0,0,1,0,23,0,0,0,19,19,0,19,0,100%,4,0.173913043,0,1,0,0,0,120,1,0,0,1,1,1,1,1,1,1,1,0,0,online,0,1
443,AP CLASS,347,296,High School Teacher,Fall,2016,"Ventola, Joe",AP Physics,0,0,0,0,0,0,0,0,0,0,0,0,0,0,0,0,20,0,0,0,0,0,0,0,0,,0,0,0,0,0,0,0,0,0,0,0,0,0,1,1,0,0,1,0,0,0,online,0,1
479,CHY 113 Fall 2016,355,218,University of Southern Maine,Fall,2016,"Benedict, Lucille",Principles of Chemistry I,0,0,0,0,0,1,0,0,0,0,0,0,1,0,0,0,0,0,0,0,0,0,0,0,0,100%,4,N/A,0,0,0,1,0,45,3,4,0,0,1,1,1,1,1,0,1,1,0,online,0,1
537,Pre,407,,,Fall,2016,"Bergeler, Elmar",General Physics I,0,0,0,0,0,0,0,0,1,0,0,0,0,0,1,0,50,26,30,0,0,0,0,4,30,,0,0,0,0,0,0,0,0,0,4,0,0,1,1,1,0,0,0,1,0,0,online,,
175,F15 220-12 Post,175,213,Rowan University,Fall,2015,"Sultana, Nasra",Introductory Mechanics,0,0,0,0,0,0,0,0,1,0,0,0,0,0,1,0,26,8,12,0,3,4,0,5,10,50%,1,0.038461538,1,0,0,0,0,30,0,4,0,0,1,1,1,1,1,1,1,0,1,online,0,1
202,S16 Pre,194,92,Chicago State University,Spring,2016,"Sabella, Mel",Physics 1 alg,0,0,0,0,0,0,0,0,1,0,0,0,0,0,1,0,20,0,0,0,4,7,0,7,3,100%,1,0.05,1,0,0,0,0,60,0,0,0,0,1,1,1,1,1,1,1,0,0,online,0,1
263,Sp2016 Pre,231,183,Auburn University,Spring,2016,"Mandeltort, Lynn",Fundamentals Chemistry II,0,0,0,0,0,1,0,0,0,0,0,0,1,0,0,0,157,13,16,0,0,0,0,3,16,,0,0,0,0,0,0,0,0,0,0,0,1,0,0,0,0,0,0,0,0,0,online,0,0
290,CLASS - Pre,259,156,Texas State University,Spring,2016,"Close, Eleanor",Physics Cognition and Pedagogy,0,0,0,0,0,0,0,0,0,0,0,0,0,0,0,0,0,0,0,0,0,0,0,0,0,,0,N/A,0,0,0,0,0,0,0,6+,1,0,0,1,1,1,0,0,0,0,0,online,0,1
82,F15 Biol 198D,82,4,Benedictine University,Fall,2015,"Wilson, Allison ",Principles of Biology,0,1,0,0,0,0,0,0,0,0,0,1,0,0,0,0,34,0,0,0,0,0,0,0,0,,0,0,0,0,0,0,0,0,0,6+,0,0,1,1,1,1,0,0,0,0,0,online,0,0
145,F15 Post,145,235,East Carolina University,Fall,2015,"Wolf, Steven",University Physics I,0,0,0,0,0,0,1,0,0,0,0,0,0,0,1,0,53,24,31,0,21,23,1,11,14,,0,0,0,0,0,0,0,0,2,0,1,0,0,0,0,1,0,0,0,0,0,online,0,1
356,CSEM Sec. 2,304,91,Central Washington University,Spring,2016,"Smith, Anthony",Introductory Physics III,0,0,0,0,0,0,0,0,0,1,0,0,0,0,1,0,34,29,29,0,26,26,0,2,5,90%,2,0.058823529,0,0,1,0,0,20,0,1,1,1,0,1,1,1,1,1,0,0,0,online,0,0
337,1600chalk,288,183,Auburn University,Spring,2016,"Kolarkar, Ameya",Engineering Physics 1,0,0,0,0,0,0,1,0,0,0,0,0,0,0,1,0,0,0,0,0,0,0,0,0,0,,0,N/A,0,0,0,0,0,0,0,0,0,1,0,0,1,0,0,1,0,1,0,online,0,0
372,SP16 Pre LA,212,212,Red Rocks Community College,Spring,2016,"Cudworth, Paige",College Algebra MAT 121,1,0,0,0,0,0,0,0,0,0,0,0,0,1,0,0,0,0,0,0,0,0,0,0,0,90%,1,N/A,0,1,0,0,0,30,1,6+,0,1,0,1,1,1,0,0,0,0,0,online,,
400,Block 1 - CLASS,325,296,High School Teacher,Fall,2016,"Stober, Rebecca",Physics,0,0,0,0,0,0,0,0,0,0,0,0,0,0,0,0,25,24,24,0,0,0,0,0,24,,0,0,0,0,0,0,0,0,0,0,0,0,0,0,0,0,0,1,0,0,0,online,0,1
496,University Physics II,358,41,Rochester Institute of Technology,Fall,2016,"Driscoll, Kristina",University Physics II,0,0,0,0,0,0,0,1,0,0,0,0,0,0,1,0,42,38,38,0,0,0,0,0,38,100%,1,0.023809524,1,0,0,0,0,60,0,4,0,1,1,0,1,1,1,1,0,0,1,online,0,0
487,CLASS,369,296,High School Teacher,Fall,2016,"Gale, Gregory",Physics Block 6,0,0,0,0,0,0,0,0,0,0,0,0,0,0,0,0,15,11,11,0,0,0,0,0,11,,0,0,0,0,0,0,0,0,0,0,0,0,0,0,0,1,0,0,0,0,0,online,0,1
513,Physics Pre-assessment,391,306,Orange County High School,Fall,2016,"Parker, Joseph",Physics I,0,0,0,0,0,0,1,0,0,0,0,0,0,0,1,0,0,0,0,0,0,0,0,0,0,,0,N/A,0,0,0,0,0,0,0,0,0,1,0,0,0,1,0,1,0,0,0,online,0,1
544,F16,415,213,Rowan University,Fall,2016,"Dobbins, Tabbetha",Physics I,0,0,0,0,0,0,0,0,1,0,0,0,0,0,1,0,50,26,29,0,0,0,0,3,29,50%,1,0.02,1,0,0,0,0,0,3,6+,0,1,0,1,1,1,0,0,0,0,0,online,0,1
182,test,127,225,"California State University, Chico",Fall,2015,"Van Dusen, Ben",Concepts in Physical Science,0,0,0,0,0,0,0,0,0,0,1,0,0,0,0,1,0,0,0,0,0,0,0,0,0,20%,2,N/A,0,0,1,0,0,60,2,1,0,1,0,0,0,0,0,0,0,1,0,online,0,1
212,Sp2016 Pre,200,183,Auburn University,Spring,2016,"Mandeltort, Lynn",Fundamentals Chemistry I,0,0,0,0,0,1,0,0,0,0,0,0,1,0,0,0,50,21,23,0,0,0,0,2,23,50%,4,0.08,1,0,0,0,0,45,0,2,1,1,1,1,1,1,0,0,1,1,0,online,0,0
274,S16,241,213,Rowan University,Spring,2016,"Claar, Rodger",Physics of Everyday Life,0,0,0,0,0,0,0,0,1,0,0,0,0,0,1,0,26,21,21,0,5,10,0,4,20,,0,0,0,0,0,0,0,0,2,6+,0,1,0,1,1,1,0,1,1,0,1,online,0,1
297,Concept survey -pre,260,156,Texas State University,Spring,2016,"Bergeler, Elmar",General Physics 1,0,0,0,0,0,0,0,0,1,0,0,0,0,0,1,0,54,32,36,0,12,15,0,6,26,,0,0,0,0,0,0,0,0,0,3,0,0,1,1,1,0,0,1,1,0,0,online,0,1
130,F15 FCI pretest,130,46,Seattle Pacific University,Fall,2015,"Lautenschlager, Matt",General Physics I,0,0,0,0,0,0,0,0,1,0,0,0,0,0,1,0,21,14,15,0,12,12,0,4,6,90%,2,0.095238095,0,1,0,0,0,120,5,0,1,1,0,0,1,1,1,0,1,0,0,online,0,0
151,F15 Pre,151,259,American Association of Physics Teachers,Fall,2015,"McKagan, Sarah",Intro Physics,0,0,0,0,0,0,1,0,0,0,0,0,0,0,1,0,2,2,2,0,2,2,0,0,0,,0,0,0,0,0,0,0,0,0,0,0,1,0,0,0,0,0,0,0,0,0,online,0,1
582,Pre,443,156,Texas State University,Fall,2016,"Scolfaro, Luisa",electricity and magnetism,0,0,0,0,0,0,0,0,0,0,0,0,0,0,0,0,27,7,7,0,0,0,0,0,7,30%,4,0.148148148,1,0,0,0,0,120,4,5,0,1,0,0,0,0,0,0,0,0,0,online,0,1
576,F16 Pre,439,156,Texas State University,Fall,2016,"Lunk, Brandon",University Physics II,0,0,0,0,0,0,0,0,0,0,0,0,0,0,0,0,16,2,3,0,0,0,0,1,3,90%,3,0.1875,0,1,0,0,0,120,2,2,1,0,1,1,1,1,1,1,1,0,0,online,0,1
315,S16 Pre,273,215,University of Massachusetts Dartmouth,Spring,2016,"Kagan, David",Classical Mechanics,0,0,0,0,0,0,0,0,1,0,0,0,0,0,1,0,0,0,0,0,0,0,0,0,0,,0,N/A,0,0,0,0,0,0,0,6+,0,1,0,1,1,1,0,1,1,1,0,online,,
347,S16,297,213,Rowan University,Spring,2016,"Smith, Trevor",LA-Mechanics,0,0,0,0,0,0,0,0,1,0,0,0,0,0,1,0,8,7,7,0,1,2,0,0,6,,0,0,0,0,0,0,0,0,0,1,1,0,0,0,0,0,0,0,1,0,0,online,0,1
379,test2,127,225,"California State University, Chico",Fall,2015,"Van Dusen, Ben",Concepts in Physical Science,0,0,0,0,0,0,0,0,0,0,1,0,0,0,0,1,0,0,0,0,0,0,0,0,0,20%,2,N/A,0,0,1,0,0,60,2,1,0,1,0,0,0,0,0,0,0,1,0,online,0,1
414,CCI pre F16,328,225,"California State University, Chico",Fall,2016,"Wasinger, Erik",GC1,0,0,0,0,0,1,0,0,0,0,0,0,1,0,0,0,0,0,0,0,0,0,0,0,0,,0,N/A,0,0,0,0,0,0,0,6+,0,0,0,1,1,1,0,1,0,0,1,online,0,1
467,BIOL151 F16 PRE,360,225,"California State University, Chico",Fall,2016,"blee, kristopher",Cell and Molecular Biology,0,1,0,0,0,0,0,0,0,0,0,1,0,0,0,0,254,142,156,0,0,0,0,14,156,,0,0,0,0,0,0,0,0,0,6+,0,1,0,0,1,0,0,1,1,0,0,online,0,1
494,CLASS,370,296,High School Teacher,Fall,2016,"Belleau, Shelly",Energy and Interactions,0,0,0,0,0,0,0,0,0,0,0,0,0,0,0,0,30,29,29,0,0,0,0,0,29,,0,0,0,0,0,0,0,0,0,0,0,0,0,0,0,1,0,1,0,0,0,online,0,1
517,F16 Pre,396,41,Rochester Institute of Technology,Fall,2016,"Lanzafame, Joseph",General & Analytical Chemistry I,0,0,0,0,0,1,0,0,0,0,0,0,1,0,0,0,194,103,121,0,0,0,0,18,121,20%,1,0.005154639,0,0,0,0,1,60,3,6+,1,1,0,1,1,1,1,0,1,1,1,online,0,0
552,F16,422,213,Rowan University,Fall,2016,"Dougherty, Lawrence",Physics of Everyday Life,0,0,0,0,0,0,0,0,0,0,0,0,0,0,0,0,25,5,7,0,0,0,0,2,7,,0,0,0,0,0,0,0,0,0,2,0,1,0,1,1,1,0,1,0,0,0,online,0,1
219,Spr16 Attitude Pre,204,7,Boston University,Spring,2016,"Jariwala, Manher",General Physics 2,0,0,0,0,0,0,0,0,0,0,0,0,0,0,0,0,2,0,0,0,0,0,0,0,0,90%,3,1.5,0,0,0,1,0,90,3,3,1,0,1,1,1,1,1,1,1,1,0,online,0,0
407,CLASS - Physics (CHS),326,296,High School Teacher,Fall,2016,"Ross, Michael",Physics,0,0,0,0,0,0,0,0,0,0,0,0,0,0,0,0,29,24,24,0,0,0,0,0,24,,0,0,0,0,0,0,0,0,0,1,0,0,0,0,0,1,0,1,0,0,0,online,0,1
306,S16-Pre,266,156,Texas State University,Spring,2016,"Gregory, Amanda",Introductory Mechanics,0,0,0,0,0,0,0,0,0,0,0,0,0,0,0,0,20,13,13,0,0,0,0,0,13,100%,4,0.2,0,1,0,0,0,120,1,0,0,1,1,1,1,1,1,1,1,0,0,online,0,1
253,Sp2016 Pre,226,183,Auburn University,Spring,2016,"Mandeltort, Lynn",Fundamentals Chemistry I,0,0,0,0,0,1,0,0,0,0,0,0,1,0,0,0,50,6,8,0,0,0,0,2,8,50%,4,0.08,1,0,0,0,0,45,0,1,0,0,1,0,1,0,0,0,0,1,0,online,0,0
158,F15 Post,158,92,Chicago State University,Fall,2015,"Mardis, Kristy",General Chemistry I,0,0,0,0,0,1,0,0,0,0,0,0,1,0,0,0,23,4,5,0,7,8,0,5,2,80%,2,0.086956522,0,0,0,0,1,30,0,6+,0,1,1,1,1,1,0,0,1,0,0,online,0,1
361,S16 - Post,266,156,Texas State University,Spring,2016,"Gregory, Amanda",Introductory Mechanics,0,0,0,0,0,0,0,0,1,0,0,0,0,0,1,0,21,0,0,0,17,17,0,17,0,100%,4,0.19047619,0,1,0,0,0,120,1,0,0,1,1,1,1,1,1,1,1,0,0,online,0,1
383,FMCE,312,41,Rochester Institute of Technology,Summer,2016,"Lusignan, Charles",University Physics 1,0,0,0,0,0,0,1,0,0,0,0,0,0,0,1,0,10,6,7,0,6,7,0,3,3,,0,0,0,0,0,0,0,0,0,0,1,0,0,1,1,1,0,1,0,0,1,online,0,0
428,3rd CLASS,336,296,High School Teacher,Fall,2016,"Szameitat, Peter",3rd Period PIB ChemPhys,0,0,0,0,0,0,0,0,0,0,0,0,0,0,0,0,28,24,24,0,0,0,0,0,24,,0,0,0,0,0,0,0,0,0,4,0,0,0,1,1,1,1,1,1,0,0,online,0,1
474,F16 Pre,364,92,Chicago State University,Fall,2016,"Sabella, Mel",Physics 2 alg,0,0,0,0,0,0,0,1,0,0,0,0,0,0,1,0,14,2,2,0,0,0,0,0,2,100%,1,0.071428571,1,0,0,0,0,1,2,1,1,0,1,1,1,1,0,1,1,0,0,online,0,1
459,Physics 2 8th period,352,296,High School Teacher,Fall,2016,"Clement, Tracy",8th period IB/AP Physics 2,0,0,0,0,0,0,0,0,0,0,0,0,0,0,0,0,0,0,0,0,0,0,0,0,0,,0,N/A,0,0,0,0,0,0,0,0,0,0,0,1,1,1,1,1,1,0,0,online,0,1
529,CLASS,402,156,Texas State University,Fall,2016,"Rangelov, Blagoy",Mechanics,0,0,0,0,0,0,0,0,0,0,0,0,0,0,0,0,25,10,12,0,0,0,0,2,12,80%,4,0.16,0,1,0,0,0,120,0,0,0,1,0,0,1,1,1,1,1,1,0,online,0,1
559,F16,428,213,Rowan University,Fall,2016,"Lofland, Samuel",Introductory Electricity & Magnetism,0,0,0,0,0,0,0,0,0,1,0,0,0,0,1,0,20,19,19,0,0,0,0,0,19,,0,0,0,0,0,0,0,0,0,6+,1,1,0,1,1,1,1,1,1,0,0,online,0,1
196,test,140,225,"California State University, Chico",Fall,2015,"Van Dusen, Ben",NSCI,0,1,0,0,0,0,0,0,0,0,0,1,0,0,0,0,0,0,0,0,0,0,0,0,0,,0,N/A,0,0,0,0,0,0,2,1,0,0,0,0,0,0,0,1,0,0,0,online,0,1
225,Spr16 Concept - Student,204,7,Boston University,Spring,2016,"Jariwala, Manher",General Physics 2,0,0,0,0,0,0,0,0,0,1,0,0,0,0,1,0,148,133,134,1,123,125,2,8,18,90%,3,0.02027027,0,0,0,1,0,90,3,3,1,0,1,1,1,1,1,1,1,1,0,online,0,0
281,S16,248,213,Rowan University,Spring,2016,"Hu, Xiao",Introductory Mechanics,0,0,0,0,0,0,0,0,1,0,0,0,0,0,1,0,51,15,22,0,31,38,0,26,10,50%,-3,-0.058823529,1,0,0,0,0,30,2,4,0,0,0,1,1,1,0,0,0,0,0,online,0,1
311,W1pre,269,41,Rochester Institute of Technology,Spring,2016,"McGowan, Aaron",University Physics II,0,0,0,0,0,0,0,1,0,0,0,0,0,0,1,0,40,40,40,0,37,38,0,0,3,80%,1,0.025,0,0,1,0,0,90,4,2,1,0,1,1,1,1,0,1,1,0,1,online,0,0
583,Pre,443,156,Texas State University,Fall,2016,"Scolfaro, Luisa",electricity and magnetism,0,0,0,0,0,0,0,0,0,1,0,0,0,0,1,0,25,8,10,0,0,0,0,2,10,30%,4,0.16,1,0,0,0,0,120,4,5,0,1,0,0,0,0,0,0,0,0,0,online,0,1
136,F15 Post PHY202,136,228,Agnes Scott College,Fall,2015,"Ackerman, Nicole",Intro Physics I: Mechanics,0,0,0,0,0,0,0,0,1,0,0,0,0,0,1,0,29,29,29,0,25,26,0,0,4,70%,4,0.137931034,0,0,0,1,0,45,2,0,1,0,1,1,1,1,1,1,1,1,0,online,0,0
166,F15 150-2 Post,166,213,Rowan University,Fall,2015,"Hudak, Elliott",Physics of Everyday Life,0,0,0,0,0,0,0,0,1,0,0,0,0,0,1,0,27,17,19,0,4,7,0,2,15,,0,0,0,0,0,0,0,0,0,4,0,1,0,0,1,0,0,1,1,0,0,online,0,1
327,S16 Pre,284,156,Texas State University,Spring,2016,"Lunk, Brandon",University Physics 2,0,0,0,0,0,0,0,0,0,0,0,0,0,0,0,0,15,4,6,0,1,1,1,3,6,100%,4,0.266666667,1,0,0,0,0,120,1,2,0,0,1,1,1,1,1,1,1,0,0,online,0,1
362,S16 - Post,266,156,Texas State University,Spring,2016,"Gregory, Amanda",Introductory Mechanics,0,0,0,0,0,0,0,0,0,0,0,0,0,0,0,0,21,0,0,0,17,18,0,18,1,100%,4,0.19047619,0,1,0,0,0,120,1,0,0,1,1,1,1,1,1,1,1,0,0,online,0,1
389,Fall16-Pre,316,225,"California State University, Chico",Fall,2016,"Nelson, Nicholas",Mechanics,0,0,0,0,0,0,0,0,1,0,0,0,0,0,1,0,51,45,46,2,0,0,0,3,48,80%,2,0.039215686,0,1,0,0,0,60,0,1,1,0,1,1,0,0,0,1,0,0,0,online,0,1
439,PHY 322-1 FCI Test,343,303,Central Michigan University,Fall,2016,"Redshaw, Matthew",Intermediate Mechanics,0,0,0,0,0,0,0,0,1,0,0,0,0,0,1,0,1,1,1,0,0,0,0,0,1,,0,0,0,0,0,0,0,0,0,0,0,1,0,0,0,0,0,0,0,0,0,online,0,1
535,Pre,406,,,Fall,2016,"Bergeler, Elmar",General Physics I,0,0,0,0,0,0,0,0,1,0,0,0,0,0,1,0,42,23,23,0,0,0,0,0,23,,0,0,0,0,0,0,0,0,0,5,0,0,1,1,1,0,0,0,1,0,0,online,,
566,FCI for 1430,433,156,Texas State University,Fall,2016,"Geerts, Wilhelmus",Mechanics,0,0,0,0,0,0,0,0,1,0,0,0,0,0,1,0,25,4,4,0,0,0,0,0,4,100%,4,0.16,1,0,0,0,0,2,0,1,0,1,1,1,1,1,1,1,1,0,0,online,0,1
204,S16 Pre,196,92,Chicago State University,Spring,2016,"Sabella, Mel",Physics 2 alg,0,0,0,0,0,0,0,1,0,0,0,0,0,0,1,0,10,3,4,0,4,5,0,4,3,,0,0,0,0,0,0,0,0,0,0,1,1,0,0,1,0,0,1,0,0,0,online,0,1
234,Spring2016 Pre,219,212,Red Rocks Community College,Spring,2016,"Forland, Brenda",College Algebra,1,0,0,0,0,0,0,0,0,0,0,0,0,1,0,0,30,0,0,0,0,0,0,0,0,,0,0,0,0,0,0,0,0,0,5,0,1,0,0,1,0,0,0,1,0,0,online,,
259,Sp2016 Pre,229,183,Auburn University,Spring,2016,"Mandeltort, Lynn",Fundamentals Chemistry II,0,0,0,0,0,1,0,0,0,0,0,0,1,0,0,0,247,13,23,0,0,0,0,10,23,,0,0,0,0,0,0,0,0,0,0,0,1,1,0,0,0,0,0,0,0,0,online,0,0
288,S16,256,213,Rowan University,Spring,2016,"Votta, Gerald",Introductory Electricity & Magnetism,0,0,0,0,0,0,0,0,0,1,0,0,0,0,1,0,36,32,33,0,27,28,0,2,7,60%,1,0.027777778,0,1,0,0,0,30,0,0,0,1,0,0,0,0,0,0,0,0,0,online,0,1
143,P1510.F15.61.POST,143,92,Chicago State University,Fall,2015,"Sabella, Mel",Physics 1 alg,0,0,0,0,0,0,0,0,1,0,0,0,0,0,1,0,19,16,16,0,12,12,0,0,4,,0,0,0,0,0,0,0,0,1,6+,1,0,1,1,1,1,0,1,1,0,0,online,0,1
391,FMCE 9am,317,19,University of Colorado Boulder,Fall,2016,"Her Many Horses, Ian",Ian's PET Demo Course,0,0,0,0,0,0,1,0,0,0,0,0,0,0,1,0,3,0,0,0,1,1,0,1,0,,0,0,0,0,0,0,0,0,0,0,0,1,0,0,0,0,0,0,0,0,0,online,0,1
173,F15 210-5 Post,173,213,Rowan University,Fall,2015,"Sultana, Nasra",Physics I,0,0,0,0,0,0,0,0,1,0,0,0,0,0,1,0,23,8,10,0,2,5,0,6,12,,0,0,0,0,0,0,0,0,0,3,0,0,1,1,1,1,1,1,1,0,1,online,0,1
75,F15 Biol 198B,75,4,Benedictine University,Fall,2015,"Wilson, Allison ",Principles of Biology,0,1,0,0,0,0,0,0,0,0,0,1,0,0,0,0,34,29,29,0,0,0,0,0,29,,0,0,0,0,0,0,0,0,0,6+,0,0,1,1,1,1,0,0,0,0,0,online,0,0
336,1600lec,287,183,Auburn University,Spring,2016,"Kolarkar, Ameya",Engineering Physics 1 ,0,0,0,0,0,0,1,0,0,0,0,0,0,0,1,0,234,5,11,0,1,5,0,10,14,,0,0,0,0,0,0,0,0,0,1,0,0,1,0,1,0,0,1,1,1,0,online,0,0
398,PET01,322,296,High School Teacher,Fall,2016,"Michalak, Arthur",PET,0,0,0,0,0,0,0,0,0,0,0,0,0,0,0,0,0,0,0,0,0,0,0,0,0,,0,N/A,0,0,0,0,0,0,0,0,0,0,1,1,1,1,1,1,1,0,0,online,0,1
579,F16 Pre,440,156,Texas State University,Fall,2016,"Lunk, Brandon",University Physics II,0,0,0,0,0,0,0,0,0,0,0,0,0,0,0,0,22,3,4,0,0,0,0,1,4,90%,4,0.181818182,0,1,0,0,0,120,2,2,1,0,1,1,1,1,1,1,1,0,0,online,0,1
509,F16 Pree,388,227,Brigham Young University,Fall,2016,"Davis, Cheryl",College Physics,0,0,0,0,0,0,0,0,1,0,0,0,0,0,1,0,271,95,126,0,0,0,0,31,126,50%,10,0.036900369,0,1,0,0,0,1,0,5,0,0,1,1,1,1,1,0,0,0,0,online,0,0
542,F16,413,213,Rowan University,Fall,2016,"La Porta, Philip",Introductory Electricity & Magnetism,0,0,0,0,0,0,0,0,0,1,0,0,0,0,1,0,132,67,76,0,0,0,0,9,76,80%,1,0.007575758,0,1,0,0,0,30,2,0,1,1,1,1,1,1,1,1,0,0,1,online,0,1
573,F16 Pre,438,156,Texas State University,Fall,2016,"Lunk, Brandon",University Physics II,0,0,0,0,0,0,0,0,0,0,0,0,0,0,0,0,19,7,7,0,0,0,0,0,7,90%,3,0.157894737,0,1,0,0,0,120,2,2,1,0,1,1,1,1,1,1,1,0,0,online,0,1
179,Sp16 Pretest,179,57,University of Central Arkansas,Spring,2016,"Frederickson, Carl ",University Physics 1,0,0,0,0,0,0,0,0,1,0,0,0,0,0,1,0,44,0,0,0,0,0,0,0,0,,0,0,0,0,0,0,0,0,2,4,0,0,1,1,1,0,0,1,1,0,0,online,0,0
208,W16 Pre,198,227,Brigham Young University,Winter,2016,"Davis, Cheryl",Physics,0,0,0,0,0,0,0,0,1,0,0,0,0,0,1,0,25,2,3,0,1,5,0,5,6,,0,0,0,0,0,0,0,0,0,1,0,0,1,1,1,1,1,1,0,0,1,online,0,0
270,S16,237,7,Boston University,Spring,2016,"Duffy, Andrew",Physics 2,0,0,0,0,0,0,0,0,0,1,0,0,0,0,1,0,11,9,9,0,6,7,0,0,3,100%,8,0.727272727,1,0,0,0,0,60,4,6+,1,0,1,1,1,1,1,1,1,1,0,online,0,0
295,Concept survey -pre,258,156,Texas State University,Spring,2016,"Bergeler, Elmar",General Physics 1,0,0,0,0,0,0,0,0,1,0,0,0,0,0,1,0,53,33,33,0,8,9,0,1,26,,0,0,0,0,0,0,0,0,0,3,0,0,1,1,1,0,0,1,1,0,0,online,0,1
128,Pays 101 fall,128,225,"California State University, Chico",Fall,2015,"Van Dusen, Ben",intro physics,0,0,0,0,0,0,0,1,0,0,0,0,0,0,1,0,3,0,0,0,0,0,0,0,0,40%,4,1.333333333,1,0,0,0,0,60,2,0,0,0,0,1,0,0,0,1,0,0,0,online,0,1
149,F15 post,149,92,Chicago State University,Fall,2015,"Van Duzor, Andrea",General Chemistry I,0,0,0,0,0,1,0,0,0,0,0,0,1,0,0,0,25,14,15,0,15,15,0,5,4,50%,1,0.04,0,1,0,0,0,10,0,1,1,0,1,1,0,1,0,0,0,0,1,online,0,1
132,F15 post,132,227,Brigham Young University,Fall,2015,"Davis, Cheryl",College Physics,0,0,0,0,0,0,0,0,1,0,0,0,0,0,1,0,112,51,67,1,45,49,0,30,36,,0,0,0,0,0,0,0,0,0,5,0,0,0,1,1,1,1,0,0,0,1,online,0,0
314,S16 LA Pre,272,7,Boston University,Spring,2016,"Spilios, Kathryn",Biology 2,0,1,0,0,0,0,0,0,0,0,0,1,0,0,0,0,15,15,15,0,13,13,0,0,2,100%,15,1,0,0,1,0,0,90,4,3,1,0,1,0,0,0,0,1,0,0,0,online,0,0
342,Spring 2016 Pre-Survey,292,7,Boston University,Spring,2016,"Seliga, Angela",Systems Physiology,0,0,0,0,0,0,0,0,0,0,1,0,0,0,0,1,331,89,118,0,0,0,0,29,118,100%,8,0.024169184,0,0,1,0,0,120,0,6+,0,1,0,0,0,1,0,1,1,0,0,online,0,0
377,CCI Pre,309,122,City Colleges of Chicago - Harold Washington College,Fall,2016,"Escuadro, Anthony",General Chemistry 1,0,0,0,0,0,1,0,0,0,0,0,0,1,0,0,0,0,0,0,0,0,0,0,0,0,,0,N/A,0,0,0,0,0,0,0,0,0,1,0,0,1,0,0,1,0,0,0,online,1,1
409,Block 7 - CLASS,320,296,High School Teacher,Fall,2016,"Stober, Rebecca",Physics,0,0,0,0,0,0,0,0,0,0,0,0,0,0,0,0,34,34,34,0,0,0,0,0,34,,0,0,0,0,0,0,0,0,0,0,0,0,0,0,0,0,0,1,0,0,0,online,0,1
491,CLASS A3,372,296,High School Teacher,Fall,2016,"Francis, Adam",General Physics,0,0,0,0,0,0,0,0,0,0,0,0,0,0,0,0,17,14,14,0,0,0,0,0,14,,0,0,0,0,0,0,0,0,0,4,0,0,0,0,0,1,0,0,0,0,0,online,0,1
512,Physics I Pre-assessment,390,306,Orange County High School,Fall,2016,"Parker, Joseph",Physics I,0,0,0,0,0,0,1,0,0,0,0,0,0,0,1,0,0,0,0,0,0,0,0,0,0,,0,N/A,0,0,0,0,0,0,0,0,0,0,0,1,0,1,0,1,1,0,0,online,0,1
549,F16,420,213,Rowan University,Fall,2016,"Flores, Eduardo",Introductory Mechanics,0,0,0,0,0,0,0,0,1,0,0,0,0,0,1,0,23,7,8,0,0,0,0,1,8,,0,0,0,0,0,0,0,0,1,6+,0,0,0,1,1,1,0,1,1,0,0,online,0,1
186,CHMG 141 post-test,183,41,Rochester Institute of Technology,Fall,2015,"Bailey, Alla",Gen & Analytical Chem I,0,0,0,0,0,1,0,0,0,0,0,0,1,0,0,0,0,0,0,0,0,0,0,0,0,,0,N/A,0,0,0,0,0,0,0,6+,0,0,1,0,1,0,0,0,1,1,0,online,0,0
217,Sp16-01 Pre,202,57,University of Central Arkansas,Spring,2016,"Frederickson, Carl ",University Physics 1,0,0,0,0,0,0,0,0,1,0,0,0,0,0,1,0,24,24,24,0,12,12,0,0,12,,0,0,0,0,0,0,0,0,2,5,0,0,0,1,1,0,0,1,1,0,0,online,0,0
272,Pre-test,239,7,Boston University,Spring,2016,"Mohamedi, Graciela ",Elementary Physics 1,0,0,0,0,0,0,1,0,0,0,0,0,0,0,1,0,116,96,97,0,0,0,0,1,97,100%,2,0.017241379,0,0,0,1,0,60,1,0,1,1,0,0,1,1,1,1,1,1,0,online,0,0
304,S16-Pre,267,156,Texas State University,Spring,2016,"Gregory, Amanda",Introductory Mechanics,0,0,0,0,0,0,0,0,0,0,0,0,0,0,0,0,26,14,15,0,0,0,0,1,15,100%,4,0.153846154,0,1,0,0,0,120,1,0,0,1,1,1,1,1,1,1,1,0,0,online,0,1
364,S16 - Post,268,156,Texas State University,Spring,2016,"Gregory, Amanda",Introductory Mechanics,0,0,0,0,0,0,0,0,0,0,0,0,0,0,0,0,23,0,0,0,18,18,0,18,0,100%,4,0.173913043,0,1,0,0,0,120,1,0,0,1,1,1,1,1,1,1,1,0,0,online,0,1
156,Gen Chem I Post test,156,41,Rochester Institute of Technology,Fall,2015,"Lanzafame, Joseph",General and Analytical Chem I,0,0,0,0,0,1,0,0,0,0,0,0,1,0,0,0,214,175,180,1,124,136,0,19,70,20%,2,0.009345794,0,0,0,1,0,60,1,6+,1,1,0,1,1,1,1,0,1,1,0,online,0,0
320,E & M Survey,279,156,Texas State University,Spring,2016,"Scolfaro, Luisa",Electricity & Magnetism,0,0,0,0,0,0,0,0,0,1,0,0,0,0,1,0,22,9,13,0,2,5,1,5,12,20%,4,0.181818182,1,0,0,0,0,250,5,6+,0,1,0,0,1,1,0,0,1,0,0,online,0,1
354,Fall '16,127,225,"California State University, Chico",Fall,2015,"Van Dusen, Ben",Concepts in Physical Science,0,0,0,0,0,0,0,1,0,0,0,0,0,0,1,0,0,0,0,0,0,0,0,0,0,20%,2,N/A,0,0,1,0,0,60,2,1,0,1,0,0,0,0,0,0,0,1,0,online,0,1
381,Online Assessment,311,63,"University of Nevada, Reno",Summer,2016,"Sandstrom, Pamela",Principles of Genetics,0,0,1,0,0,0,0,0,0,0,0,1,0,0,0,0,49,46,49,0,37,42,1,3,12,,0,0,0,0,0,0,0,0,1,6+,1,0,0,0,1,0,0,0,1,1,0,online,0,0
424,Background Assessment,333,246,Metropolitan State University of Denver,Fall,2016,"Avery, Azure",2311 General Physics 1,0,0,0,0,0,0,0,0,1,0,0,0,0,0,1,0,63,45,46,0,0,0,0,1,46,,0,0,0,0,0,0,0,0,0,1,0,0,1,0,1,1,1,0,1,0,0,online,0,1
472,F16 Pre,362,92,Chicago State University,Fall,2016,"Sabella, Mel",Physics 1 alg,0,0,0,0,0,0,0,0,1,0,0,0,0,0,1,0,15,2,3,0,0,0,0,1,3,,0,0,0,0,0,0,0,0,6+,6+,1,1,0,1,1,0,0,1,1,0,0,online,0,1
457,Physics 2 6th period,351,296,High School Teacher,Fall,2016,"Clement, Tracy",6th period IB/AP Physics 2,0,0,0,0,0,0,0,0,0,0,0,0,0,0,0,0,0,0,0,0,0,0,0,0,0,,0,N/A,0,0,0,0,0,0,0,0,0,0,0,1,1,1,1,1,1,0,0,online,0,1
525,6th CLASS,400,296,High School Teacher,Fall,2016,"Su, Erik",Honors Physics Pd 6,0,0,0,0,0,0,0,0,0,0,0,0,0,0,0,0,35,0,0,0,0,0,0,0,0,,0,0,0,0,0,0,0,0,0,0,0,0,0,1,1,1,0,0,0,0,0,online,0,1
557,sdfsdf,185,19,University of Colorado Boulder,Spring,2016,"Oatley, Mike",Gen Chem 1,0,0,0,0,0,0,0,0,0,0,1,0,0,0,0,1,0,0,0,0,0,0,0,0,0,,0,N/A,0,0,0,0,0,0,0,0,0,1,0,0,0,0,0,0,0,0,0,online,0,1
195,W16 Pre,191,91,Central Washington University,Winter,2016,"Smith, Anthony",Introductory Physics I,0,0,0,0,0,0,0,0,1,0,0,0,0,0,1,0,38,34,35,0,36,36,0,4,2,,0,0,0,0,0,0,0,0,0,1,0,0,0,0,1,0,1,1,1,0,0,online,0,0
223,S16,208,7,Boston University,Spring,2016,"Duffy, Andrew",Physics 2,0,0,0,0,0,0,0,0,0,1,0,0,0,0,1,0,69,66,66,0,58,60,0,1,9,100%,2,0.028985507,1,0,0,0,0,60,0,0,0,0,1,1,1,1,1,1,1,1,0,online,0,0
279,S16,246,213,Rowan University,Spring,2016,"Dobbins, Tabbetha",Introductory Mechanics,0,0,0,0,0,0,0,0,1,0,0,0,0,0,1,0,50,31,34,0,39,40,0,12,4,80%,1,0.02,0,1,0,0,0,30,1,6+,0,1,0,1,1,1,0,1,1,0,0,online,0,1
309,F15 Pre,263,4,Benedictine University,Spring,2016,"Wilson, Allison ",Principles of Biology,0,1,0,0,0,0,0,0,0,0,0,1,0,0,0,0,31,27,27,0,14,14,0,0,13,,0,0,0,0,0,0,0,0,0,6+,0,1,0,0,0,0,0,0,0,0,0,online,0,0
135,F15 Post,135,227,Brigham Young University,Fall,2015,"Davis, Cheryl",College Physics,0,0,0,0,0,0,0,0,1,0,0,0,0,0,1,0,329,168,202,3,212,217,0,96,52,,0,0,0,0,0,0,0,0,0,5,0,0,1,1,1,1,1,0,0,0,1,online,0,0
230,Spr16 Attitude - TF,204,7,Boston University,Spring,2016,"Jariwala, Manher",General Physics 2,0,0,0,0,0,0,0,0,0,0,0,0,0,0,0,0,5,5,5,0,4,4,0,0,1,90%,3,0.6,0,0,0,1,0,90,3,3,1,0,1,1,1,1,1,1,1,1,0,online,0,0
164,FMCE post-test no_LA,164,41,Rochester Institute of Technology,Fall,2015,"Lusignan, Charles",College Physics I,0,0,0,0,0,0,1,0,0,0,0,0,0,0,1,0,42,25,30,0,23,25,0,10,12,,0,0,0,0,0,0,0,0,0,2,0,1,0,1,1,1,1,1,1,0,1,online,0,0
325,S16 Pre,283,156,Texas State University,Spring,2016,"Lunk, Brandon",University Physics 2,0,0,0,0,0,0,0,0,0,0,0,0,0,0,0,0,11,4,4,0,2,2,0,0,2,100%,3,0.272727273,1,0,0,0,0,120,1,2,0,0,1,1,1,1,1,1,1,0,0,online,0,1
387,Su16 Pre,314,213,Rowan University,Summer,2016,"Votta, Gerald",Introductory E&M,0,0,0,0,0,0,0,0,0,1,0,0,0,0,1,0,20,19,19,0,19,19,0,0,0,,0,0,0,0,0,0,0,0,1,0,0,1,0,0,0,0,0,0,0,0,0,online,0,1
437,F16 Pre,341,225,"California State University, Chico",Fall,2016,"White, Jada-Simone",Concepts in Environmental Science,0,0,0,1,0,0,0,0,0,0,0,1,0,0,0,0,0,0,0,0,0,0,0,0,0,,0,N/A,0,0,0,0,0,0,0,0,0,1,0,1,1,1,0,1,1,1,0,online,0,1
534,Pre,406,,,Fall,2016,"Bergeler, Elmar",General Physics I,0,0,0,0,0,0,0,0,0,0,0,0,0,0,0,0,43,24,25,0,0,0,0,1,25,,0,0,0,0,0,0,0,0,0,5,0,0,1,1,1,0,0,0,1,0,0,online,,
564,Class,432,156,Texas State University,Fall,2016,"Baykal-Caglar, Eda",General Physics 1,0,0,0,0,0,0,0,0,0,0,0,0,0,0,0,0,50,9,10,0,0,0,0,1,10,,0,0,0,0,0,0,0,0,0,2,0,1,0,0,1,1,0,0,1,0,0,online,0,1
201,S16 Pre,197,92,Chicago State University,Spring,2016,"Sabella, Mel",Dynamics,0,0,0,0,0,0,0,0,0,0,0,0,0,0,0,0,6,1,1,0,3,3,0,2,0,100%,1,0.166666667,1,0,0,0,0,60,0,1,1,0,1,1,1,1,0,0,0,0,0,online,0,1
255,Sp2016 Pre,227,183,Auburn University,Spring,2016,"Mandeltort, Lynn",Fundamentals Chemistry I,0,0,0,0,0,1,0,0,0,0,0,0,1,0,0,0,50,4,5,0,0,0,0,1,5,50%,4,0.08,1,0,0,0,0,45,0,1,0,0,1,0,1,0,0,0,0,1,0,online,0,0
286,S16 Pre,253,7,Boston University,Spring,2016,"Spilios, Kathryn",Biology 2,0,1,0,0,0,0,0,0,0,0,0,1,0,0,0,0,596,558,563,1,438,456,4,12,132,100%,15,0.025167785,0,0,1,0,0,79,4,3,1,0,1,0,0,0,0,1,1,0,0,online,0,0
77,Fall15 Pre,77,7,Boston University,Fall,2015,"Jariwala, Manher",General Physics 1,0,0,0,0,0,0,1,0,0,0,0,0,0,0,1,0,168,138,146,1,131,142,1,21,28,90%,3,0.017857143,0,0,0,1,0,90,5,2,1,0,1,1,1,1,1,1,1,1,0,online,0,0
141,Post-FCI,141,122,City Colleges of Chicago - Harold Washington College,Fall,2015,"Millan, Jaime","Mechanics, Heat and Waves",0,0,0,0,0,0,0,0,1,0,0,0,0,0,1,0,31,24,24,0,17,18,0,1,8,,0,0,0,0,0,0,0,0,3,6+,0,1,0,1,1,1,0,0,1,0,1,online,1,1
171,F15 210-3 Post,171,213,Rowan University,Fall,2015,"Ross, Alan",Physics I,0,0,0,0,0,0,0,0,1,0,0,0,0,0,1,0,25,18,20,1,1,4,0,3,20,20%,1,0.04,1,0,0,0,0,30,0,6+,0,1,0,1,0,1,0,1,1,0,0,online,0,1
329,E & M Survey,279,156,Texas State University,Spring,2016,"Scolfaro, Luisa",Electricity & Magnetism,0,0,0,0,0,0,0,0,0,0,0,0,0,0,0,0,22,10,10,0,3,3,1,1,8,20%,4,0.181818182,1,0,0,0,0,250,5,6+,0,1,0,0,1,1,0,0,1,0,0,online,0,1
394,CLASS,318,225,"California State University, Chico",Fall,2016,"Van Dusen, Ben",Concepts in Physical Science,0,0,0,0,0,0,0,0,0,0,0,0,0,0,0,0,82,72,73,0,0,0,0,1,73,80%,4,0.048780488,0,1,0,0,0,70,0,0,0,0,1,1,1,1,0,0,1,0,0,online,0,1